-- phpMyAdmin SQL Dump
-- version 4.7.9
-- https://www.phpmyadmin.net/
--
-- Host: 127.0.0.1:3306
-- Generation Time: Aug 05, 2018 at 07:24 AM
-- Server version: 5.7.21
-- PHP Version: 7.2.4

SET SQL_MODE = "NO_AUTO_VALUE_ON_ZERO";
SET AUTOCOMMIT = 0;
START TRANSACTION;
SET time_zone = "+00:00";


/*!40101 SET @OLD_CHARACTER_SET_CLIENT=@@CHARACTER_SET_CLIENT */;
/*!40101 SET @OLD_CHARACTER_SET_RESULTS=@@CHARACTER_SET_RESULTS */;
/*!40101 SET @OLD_COLLATION_CONNECTION=@@COLLATION_CONNECTION */;
/*!40101 SET NAMES utf8mb4 */;

--
-- Database: `eapi`
--

-- --------------------------------------------------------

--
-- Table structure for table `migrations`
--

DROP TABLE IF EXISTS `migrations`;
CREATE TABLE IF NOT EXISTS `migrations` (
  `id` int(10) UNSIGNED NOT NULL AUTO_INCREMENT,
  `migration` varchar(191) COLLATE utf8mb4_unicode_ci NOT NULL,
  `batch` int(11) NOT NULL,
  PRIMARY KEY (`id`)
) ENGINE=MyISAM AUTO_INCREMENT=5 DEFAULT CHARSET=utf8mb4 COLLATE=utf8mb4_unicode_ci;

--
-- Dumping data for table `migrations`
--

INSERT INTO `migrations` (`id`, `migration`, `batch`) VALUES
(1, '2014_10_12_000000_create_users_table', 1),
(2, '2014_10_12_100000_create_password_resets_table', 1),
(3, '2018_08_03_152241_create_products_table', 1),
(4, '2018_08_03_152319_create_reviews_table', 1);

-- --------------------------------------------------------

--
-- Table structure for table `password_resets`
--

DROP TABLE IF EXISTS `password_resets`;
CREATE TABLE IF NOT EXISTS `password_resets` (
  `email` varchar(191) COLLATE utf8mb4_unicode_ci NOT NULL,
  `token` varchar(191) COLLATE utf8mb4_unicode_ci NOT NULL,
  `created_at` timestamp NULL DEFAULT NULL,
  KEY `password_resets_email_index` (`email`)
) ENGINE=MyISAM DEFAULT CHARSET=utf8mb4 COLLATE=utf8mb4_unicode_ci;

-- --------------------------------------------------------

--
-- Table structure for table `products`
--

DROP TABLE IF EXISTS `products`;
CREATE TABLE IF NOT EXISTS `products` (
  `id` int(10) UNSIGNED NOT NULL AUTO_INCREMENT,
  `name` varchar(191) COLLATE utf8mb4_unicode_ci NOT NULL,
  `detail` text COLLATE utf8mb4_unicode_ci NOT NULL,
  `price` int(11) NOT NULL,
  `stock` int(11) NOT NULL,
  `discount` int(11) NOT NULL,
  `created_at` timestamp NULL DEFAULT NULL,
  `updated_at` timestamp NULL DEFAULT NULL,
  PRIMARY KEY (`id`)
) ENGINE=MyISAM AUTO_INCREMENT=51 DEFAULT CHARSET=utf8mb4 COLLATE=utf8mb4_unicode_ci;

--
-- Dumping data for table `products`
--

INSERT INTO `products` (`id`, `name`, `detail`, `price`, `stock`, `discount`, `created_at`, `updated_at`) VALUES
(1, 'voluptas', 'Sit error molestias ut omnis et. Sit consequatur rem et totam rerum et in. Ex et exercitationem in debitis quia et ea soluta. Et expedita sint omnis voluptatem. Quos perferendis debitis aut.', 824, 3, 12, '2018-08-05 01:51:03', '2018-08-05 01:51:03'),
(2, 'aut', 'Sed id quas nam fugiat voluptatem perspiciatis. Expedita accusamus eum dicta accusantium dolorem sed. Quos quo quae cumque unde. Enim fugit nostrum explicabo voluptatum voluptas animi aliquam ipsum. Et consequatur illum aperiam est minus sapiente eum.', 520, 1, 25, '2018-08-05 01:51:03', '2018-08-05 01:51:03'),
(3, 'est', 'Delectus neque praesentium doloremque modi minus totam aut. Tenetur eum non ipsum voluptas minus fugiat eos. Voluptatem sed iste dicta cumque. Aut unde explicabo qui non quos est omnis.', 137, 0, 7, '2018-08-05 01:51:03', '2018-08-05 01:51:03'),
(4, 'rerum', 'In occaecati perspiciatis omnis possimus. Omnis ullam magni dolor soluta odio. Modi ullam laboriosam consequatur est animi eligendi ut.', 463, 0, 20, '2018-08-05 01:51:03', '2018-08-05 01:51:03'),
(5, 'veritatis', 'Aliquid laudantium similique doloribus magnam et nemo vitae. Quas maxime omnis et quos perferendis consequatur et laboriosam. Amet dignissimos exercitationem optio dolorem culpa ullam molestias.', 632, 2, 17, '2018-08-05 01:51:03', '2018-08-05 01:51:03'),
(6, 'nihil', 'Blanditiis est quisquam suscipit ut. Dolorum enim rerum et suscipit architecto iusto nisi sit. Voluptas quisquam aut beatae ducimus. Culpa fugiat nemo quaerat inventore sit dolores.', 716, 9, 7, '2018-08-05 01:51:03', '2018-08-05 01:51:03'),
(7, 'consequatur', 'Expedita asperiores dolores commodi sint inventore qui. Omnis facere adipisci mollitia numquam. Similique officiis autem dicta ut culpa exercitationem voluptatum. Qui eius aut vero aspernatur.', 441, 1, 6, '2018-08-05 01:51:03', '2018-08-05 01:51:03'),
(8, 'in', 'Et aut in dicta aut nihil deserunt nihil molestias. Numquam soluta et illum est cupiditate. Architecto quis dolorum voluptatem doloribus et. Atque rerum fugit praesentium vitae impedit.', 480, 0, 7, '2018-08-05 01:51:03', '2018-08-05 01:51:03'),
(9, 'illum', 'Voluptas quia nostrum qui quis et odio adipisci. Excepturi nulla et dolorem voluptatem reprehenderit nisi id. Fugiat eveniet eos omnis ad quia.', 798, 3, 17, '2018-08-05 01:51:03', '2018-08-05 01:51:03'),
(10, 'facere', 'Vitae consectetur sunt amet ut dolores. Illo voluptatem vel reiciendis et laboriosam.', 208, 0, 23, '2018-08-05 01:51:03', '2018-08-05 01:51:03'),
(11, 'error', 'Dolorem laboriosam non non aut laudantium sunt. Possimus voluptate sunt voluptatum esse quos eum magnam. Illum modi adipisci nisi veritatis omnis temporibus. Veritatis id quia aut autem aliquid cupiditate ex consequatur.', 340, 9, 13, '2018-08-05 01:51:03', '2018-08-05 01:51:03'),
(12, 'id', 'Officia et facilis hic culpa. Molestias temporibus dolore quo tempore ipsa dolor dolores. Sit dolorem esse fuga quaerat harum error. Rem maxime possimus modi quo nisi cum.', 926, 1, 9, '2018-08-05 01:51:03', '2018-08-05 01:51:03'),
(13, 'totam', 'Soluta ipsum velit est architecto. Veritatis dolor dolorem laboriosam expedita ad iusto. Quam iure culpa iste excepturi. Placeat et consequuntur consequatur quia vero harum.', 946, 0, 12, '2018-08-05 01:51:03', '2018-08-05 01:51:03'),
(14, 'rem', 'Quia iusto aut velit nobis quasi velit ut. Facere id quae aut nam ea temporibus facilis dicta. Fugiat est atque ratione nihil mollitia et aut.', 637, 4, 19, '2018-08-05 01:51:03', '2018-08-05 01:51:03'),
(15, 'ea', 'Quod rerum dolores magnam. Impedit autem similique quis id aliquam ut. Vel sapiente est explicabo magnam magnam amet harum.', 963, 2, 24, '2018-08-05 01:51:03', '2018-08-05 01:51:03'),
(16, 'mollitia', 'Eaque eveniet atque fugit quia ipsa. Perspiciatis mollitia optio quaerat facere aperiam eos eum beatae. Cum voluptate laudantium et possimus. Tenetur placeat aut aut laboriosam quibusdam at magnam.', 686, 6, 29, '2018-08-05 01:51:03', '2018-08-05 01:51:03'),
(17, 'fuga', 'Et sapiente deserunt non aperiam temporibus sint. Rem aut incidunt dolor sint voluptatem voluptatum. Eius aliquid alias qui. Quidem ipsa quibusdam doloremque repellendus non. Itaque quisquam aliquam dolorem sit.', 802, 2, 2, '2018-08-05 01:51:03', '2018-08-05 01:51:03'),
(18, 'possimus', 'Assumenda qui quaerat et nam et sapiente eaque. Voluptatum aliquid omnis iste. Aut aut vitae optio voluptas. Molestiae ea odit est sed harum quisquam at.', 550, 0, 23, '2018-08-05 01:51:03', '2018-08-05 01:51:03'),
(19, 'rerum', 'Veniam nihil facere quia dolor autem est maxime. Quaerat sunt commodi commodi et ut. Ex autem sed vel totam saepe.', 527, 5, 10, '2018-08-05 01:51:03', '2018-08-05 01:51:03'),
(20, 'aut', 'Animi recusandae odit et provident. Nostrum vero animi distinctio sint modi voluptates. Nobis veritatis necessitatibus earum ut sint. Dolores cumque odio eos eos. Nobis quasi pariatur aspernatur eos non.', 263, 4, 28, '2018-08-05 01:51:03', '2018-08-05 01:51:03'),
(21, 'consequatur', 'Dolores eligendi minus eos nemo fugit sapiente placeat. Corrupti omnis rerum non quia est delectus. Quia est voluptatum totam inventore assumenda neque. Placeat quia sapiente hic ipsam commodi beatae sapiente. Tempora necessitatibus sunt ipsum vero omnis voluptatum delectus.', 113, 3, 11, '2018-08-05 01:51:03', '2018-08-05 01:51:03'),
(22, 'delectus', 'Repellat saepe incidunt deleniti suscipit incidunt maiores. Nisi reiciendis sapiente itaque doloremque harum fugit officia. Ea facere quia impedit voluptas numquam temporibus nobis. Aspernatur facere ratione quae provident.', 417, 2, 23, '2018-08-05 01:51:03', '2018-08-05 01:51:03'),
(23, 'unde', 'Voluptate est omnis delectus minima. Qui dolor enim ea quasi sint dolorem doloremque. Ut qui ex voluptates quis in veritatis. Quidem ut nemo alias.', 799, 4, 8, '2018-08-05 01:51:03', '2018-08-05 01:51:03'),
(24, 'quaerat', 'A ipsa iste voluptas perferendis. Laboriosam aliquid sunt repudiandae. Quibusdam aut ut ducimus pariatur et accusantium. Totam modi officiis iure sint amet adipisci.', 852, 0, 27, '2018-08-05 01:51:03', '2018-08-05 01:51:03'),
(25, 'hic', 'Voluptas commodi occaecati exercitationem sit at. Necessitatibus sunt quis qui qui quaerat perspiciatis. Facilis beatae pariatur laudantium vero. Voluptatem aspernatur neque officia quos dolores.', 544, 3, 10, '2018-08-05 01:51:03', '2018-08-05 01:51:03'),
(26, 'similique', 'Alias vitae minima ex laboriosam modi. Veritatis dolorem qui qui est. Consequuntur ullam nisi in sint.', 738, 6, 18, '2018-08-05 01:51:03', '2018-08-05 01:51:03'),
(27, 'asperiores', 'Eum fugit in itaque dolore quaerat nihil distinctio. Aut delectus sed fugiat dolorum. Vel dolores occaecati ea occaecati et. Error ducimus laborum reprehenderit cum.', 479, 9, 18, '2018-08-05 01:51:03', '2018-08-05 01:51:03'),
(28, 'impedit', 'Explicabo illum iure in est dignissimos suscipit. Velit asperiores eum voluptatem earum similique molestiae exercitationem. Perferendis omnis praesentium qui eos sunt quia. Ipsum facere fugit eveniet sint quaerat tempora exercitationem.', 567, 8, 12, '2018-08-05 01:51:03', '2018-08-05 01:51:03'),
(29, 'repellendus', 'Aperiam id quasi quo aspernatur explicabo. Excepturi deleniti quis sint fuga natus ratione. Et blanditiis sit ullam et.', 643, 4, 22, '2018-08-05 01:51:03', '2018-08-05 01:51:03'),
(30, 'dolorem', 'A ab voluptas et. Culpa sed ea quae ut beatae. Maiores quis possimus ea natus.', 508, 6, 11, '2018-08-05 01:51:03', '2018-08-05 01:51:03'),
(31, 'quis', 'Amet ad odit quo fuga. Cumque sint consequatur perferendis nam ex. Quis saepe dolorem nemo sit atque provident maiores. Et explicabo iste provident nihil ad ratione ipsa.', 244, 8, 2, '2018-08-05 01:51:03', '2018-08-05 01:51:03'),
(32, 'veritatis', 'At debitis officiis sunt explicabo dolores qui. In magni et omnis sit maiores. Sunt commodi ut temporibus qui minus aut. Consequuntur repellat perspiciatis quas accusamus sunt similique.', 280, 8, 22, '2018-08-05 01:51:03', '2018-08-05 01:51:03'),
(33, 'dolores', 'Dolorem officia quia doloribus provident ab. Itaque optio illo illo qui et. Dignissimos minima magnam qui voluptas consectetur neque. Laborum magni aspernatur aut et.', 317, 9, 8, '2018-08-05 01:51:03', '2018-08-05 01:51:03'),
(34, 'maxime', 'Reprehenderit placeat dolorum ex in. Unde molestias sapiente illum consequuntur quidem quas. Laboriosam ut vitae quia reiciendis exercitationem velit. Voluptates voluptates sit et nemo consectetur cupiditate et.', 138, 0, 17, '2018-08-05 01:51:03', '2018-08-05 01:51:03'),
(35, 'ut', 'Aut animi soluta quo omnis accusantium occaecati qui. Ut et esse earum iure non iusto et. Similique natus debitis quo reprehenderit minus.', 925, 6, 18, '2018-08-05 01:51:03', '2018-08-05 01:51:03'),
(36, 'in', 'Quis molestiae error cum non voluptatem dolorem vitae non. Facilis adipisci voluptas dolor ipsam quia magni. Inventore eos tempore dolor. Velit exercitationem dolorem minus velit quo voluptatem est. Quis temporibus enim ut id.', 763, 0, 19, '2018-08-05 01:51:03', '2018-08-05 01:51:03'),
(37, 'dicta', 'Tempora vel tempore rerum deleniti. Unde voluptatem delectus voluptatibus vero porro suscipit ad sapiente.', 705, 7, 30, '2018-08-05 01:51:03', '2018-08-05 01:51:03'),
(38, 'dicta', 'Perspiciatis ut rem asperiores. Ratione in in veritatis dolorem. Et dolorem deserunt minus dolorem. Mollitia ea harum aliquam consectetur adipisci debitis distinctio.', 602, 4, 19, '2018-08-05 01:51:03', '2018-08-05 01:51:03'),
(39, 'officia', 'Eos odit cumque vitae consequatur sit autem. Non expedita dignissimos nobis quae adipisci soluta. Fugit quia corporis explicabo distinctio cumque ut cupiditate incidunt. Voluptate eum cupiditate adipisci excepturi maxime laboriosam.', 471, 4, 14, '2018-08-05 01:51:03', '2018-08-05 01:51:03'),
(40, 'aut', 'Vitae esse dolor qui qui neque facilis. Enim est rerum iure natus sint consequuntur. Ratione harum voluptas in quaerat. Qui velit recusandae id qui.', 538, 8, 23, '2018-08-05 01:51:03', '2018-08-05 01:51:03'),
(41, 'iusto', 'Sunt adipisci rerum quibusdam qui. Voluptatibus consectetur esse voluptas quis itaque eum. Rerum aut quibusdam ut odio doloribus et in. Placeat aut deserunt ut est. Quaerat ea sapiente laborum aut tempore ad quisquam.', 829, 1, 29, '2018-08-05 01:51:03', '2018-08-05 01:51:03'),
(42, 'illum', 'Doloremque et praesentium quos aliquam. Amet minima fugit reiciendis explicabo. Sapiente similique incidunt aliquam et ea ut architecto.', 984, 7, 29, '2018-08-05 01:51:03', '2018-08-05 01:51:03'),
(43, 'dolores', 'Aut repudiandae esse omnis laboriosam. Voluptatem harum possimus est expedita. Praesentium a ea omnis nisi exercitationem.', 826, 8, 2, '2018-08-05 01:51:03', '2018-08-05 01:51:03'),
(44, 'blanditiis', 'Quaerat ut sit necessitatibus soluta et. Illum quaerat maiores quia exercitationem esse. Dolorum cumque occaecati error assumenda.', 855, 3, 13, '2018-08-05 01:51:03', '2018-08-05 01:51:03'),
(45, 'sunt', 'Delectus reprehenderit deleniti praesentium libero. Illo ex in accusantium unde vel voluptatem excepturi. Distinctio dolorem sed dolor ipsam aliquam placeat est. Dolores commodi iusto autem eum earum.', 829, 3, 12, '2018-08-05 01:51:03', '2018-08-05 01:51:03'),
(46, 'est', 'Est nemo nobis et vel corrupti expedita unde. Et eum asperiores atque cupiditate et. Qui necessitatibus voluptas sapiente omnis accusantium.', 304, 7, 18, '2018-08-05 01:51:03', '2018-08-05 01:51:03'),
(47, 'quibusdam', 'Nulla facilis voluptas qui ab voluptates harum. Inventore adipisci et aliquid voluptas omnis minima possimus eveniet. Fugiat iusto mollitia et aut. Vero unde et reiciendis nisi fugiat.', 790, 8, 23, '2018-08-05 01:51:03', '2018-08-05 01:51:03'),
(48, 'excepturi', 'Reiciendis illo et provident qui. Non sed pariatur repellat molestiae id fuga perferendis architecto. Sapiente quidem modi aut ullam veritatis.', 423, 0, 9, '2018-08-05 01:51:03', '2018-08-05 01:51:03'),
(49, 'odit', 'Harum quia iusto eius aliquid molestiae. Nemo at esse optio ut officiis. Quisquam vitae repellat atque et et odit totam.', 853, 7, 22, '2018-08-05 01:51:03', '2018-08-05 01:51:03'),
(50, 'eum', 'Quos voluptatibus odit fugit. Quo qui ut neque ex est et. Odio at quia iusto aut commodi unde ipsam. Eum assumenda laudantium dolorum consequatur culpa ea. Culpa harum fugiat aut sed.', 827, 4, 8, '2018-08-05 01:51:03', '2018-08-05 01:51:03');

-- --------------------------------------------------------

--
-- Table structure for table `reviews`
--

DROP TABLE IF EXISTS `reviews`;
CREATE TABLE IF NOT EXISTS `reviews` (
  `id` int(10) UNSIGNED NOT NULL AUTO_INCREMENT,
  `product_id` int(10) UNSIGNED NOT NULL,
  `customer` varchar(191) COLLATE utf8mb4_unicode_ci NOT NULL,
  `review` text COLLATE utf8mb4_unicode_ci NOT NULL,
  `star` int(11) NOT NULL,
  `created_at` timestamp NULL DEFAULT NULL,
  `updated_at` timestamp NULL DEFAULT NULL,
  PRIMARY KEY (`id`),
  KEY `reviews_product_id_index` (`product_id`)
) ENGINE=MyISAM AUTO_INCREMENT=301 DEFAULT CHARSET=utf8mb4 COLLATE=utf8mb4_unicode_ci;

--
-- Dumping data for table `reviews`
--

INSERT INTO `reviews` (`id`, `product_id`, `customer`, `review`, `star`, `created_at`, `updated_at`) VALUES
(1, 31, 'Alexandrea O\'Keefe', 'Aperiam repellat commodi veniam nesciunt accusantium nihil. Vel sint repellendus omnis. Voluptas tenetur quia est nulla vitae architecto.', 1, '2018-08-05 01:51:04', '2018-08-05 01:51:04'),
(2, 8, 'Mrs. Janice Cronin I', 'Possimus rem quia voluptatem ut est. Voluptas suscipit maiores nobis iusto. Perspiciatis quis ea non inventore soluta atque quidem consequuntur. Non id et ad iste.', 4, '2018-08-05 01:51:04', '2018-08-05 01:51:04'),
(3, 14, 'Madge Lesch', 'Provident ratione a qui inventore eum omnis quo et. Earum tenetur voluptatem a odit recusandae. Voluptas ut et aut. Necessitatibus soluta nostrum quam soluta et. Similique velit reiciendis dolorem minima cupiditate voluptatem.', 4, '2018-08-05 01:51:04', '2018-08-05 01:51:04'),
(4, 38, 'Abigail Ernser Jr.', 'Culpa eaque optio mollitia consequatur ad. Quidem eos eos ut dolor mollitia. Earum laboriosam molestias sit nisi neque.', 5, '2018-08-05 01:51:04', '2018-08-05 01:51:04'),
(5, 11, 'Elouise Walter MD', 'Eos itaque beatae unde cumque. Accusantium est quis dolor magnam rem. Deleniti occaecati alias totam ipsa tenetur.', 1, '2018-08-05 01:51:04', '2018-08-05 01:51:04'),
(6, 17, 'Ms. Michelle Braun IV', 'Qui quo tempora deleniti aut. Aut nesciunt adipisci esse blanditiis sunt commodi sunt. Perferendis occaecati ut necessitatibus dolorem repellat beatae a.', 4, '2018-08-05 01:51:04', '2018-08-05 01:51:04'),
(7, 37, 'Leila VonRueden', 'Nostrum sit sed nobis molestiae fuga. Soluta ad reiciendis officiis aperiam. Est sunt enim quisquam sed voluptas voluptatem sit. Maiores dignissimos quasi dolorum assumenda repellendus qui.', 2, '2018-08-05 01:51:04', '2018-08-05 01:51:04'),
(8, 37, 'Ibrahim Moore', 'Aut voluptatum mollitia magnam enim sint ut rerum perferendis. Laborum nam non nobis totam. Rem repudiandae ea odit.', 4, '2018-08-05 01:51:04', '2018-08-05 01:51:04'),
(9, 15, 'Wayne Batz', 'Non aut facere ut. Harum ut error sed quae ut delectus molestias. Voluptate consequatur reprehenderit et qui vel impedit officiis.', 4, '2018-08-05 01:51:04', '2018-08-05 01:51:04'),
(10, 4, 'Ryley West', 'Est exercitationem voluptas magnam quod placeat animi. Dolor esse vel consequatur repellat. Omnis dignissimos quis voluptatum similique vitae molestiae.', 1, '2018-08-05 01:51:04', '2018-08-05 01:51:04'),
(11, 19, 'Leora Jenkins', 'Commodi dolor illo quae earum. Expedita sunt expedita maxime. Sit distinctio consequuntur explicabo ea rerum voluptates asperiores. Autem ab doloribus voluptate laborum et.', 2, '2018-08-05 01:51:04', '2018-08-05 01:51:04'),
(12, 28, 'Kristina Cummings PhD', 'Autem alias ad ducimus placeat dolore. Dignissimos ratione quis sit adipisci porro nobis. Quidem iure quas consequatur aut incidunt.', 2, '2018-08-05 01:51:04', '2018-08-05 01:51:04'),
(13, 34, 'Charles Kohler', 'Delectus est quis sed eaque. Fugit sed temporibus voluptatem.', 0, '2018-08-05 01:51:04', '2018-08-05 01:51:04'),
(14, 4, 'Prof. Loma Wiegand DVM', 'Voluptatem consequatur error aliquid quis. Nostrum distinctio consequatur aut ut. Sed autem rerum dicta enim. Velit ipsa expedita quibusdam.', 2, '2018-08-05 01:51:04', '2018-08-05 01:51:04'),
(15, 23, 'Wayne Raynor PhD', 'Expedita et molestiae architecto libero saepe. Maiores aut assumenda rerum provident quae explicabo adipisci. Facere enim aliquid omnis reprehenderit deleniti.', 1, '2018-08-05 01:51:04', '2018-08-05 01:51:04'),
(16, 37, 'Garry Berge', 'Pariatur praesentium dolorem distinctio dolorum mollitia voluptatibus optio accusantium. Inventore aperiam id corrupti exercitationem et eum. Vitae voluptas necessitatibus et dolor.', 2, '2018-08-05 01:51:04', '2018-08-05 01:51:04'),
(17, 30, 'Eloy Sauer', 'Vero iusto nisi error laboriosam. Officia beatae est ex dolorem distinctio. Eveniet autem nemo id rerum sapiente facilis nihil minima. Odio ab et itaque reiciendis omnis repudiandae autem.', 3, '2018-08-05 01:51:04', '2018-08-05 01:51:04'),
(18, 9, 'Therese Rodriguez Jr.', 'Nihil unde nulla ea odit qui laborum. Deleniti sunt ea et ipsa. Veritatis animi quia laudantium sint dolores voluptatem.', 3, '2018-08-05 01:51:04', '2018-08-05 01:51:04'),
(19, 44, 'Miss Bernadine Schultz', 'In exercitationem tempore odio esse excepturi eum in ipsa. Voluptatem maiores quidem voluptatibus omnis.', 2, '2018-08-05 01:51:04', '2018-08-05 01:51:04'),
(20, 42, 'Adell Wisozk', 'Dolorem dicta excepturi nulla vel. Est illo necessitatibus qui culpa ut ipsa optio est. Error sed eligendi sunt aut eum corrupti quia.', 4, '2018-08-05 01:51:04', '2018-08-05 01:51:04'),
(21, 46, 'Leatha Kerluke', 'Sequi quae error nesciunt rerum recusandae provident. Et quo laborum numquam ut inventore suscipit et rerum. Possimus laudantium enim et in. Dolor atque ab qui rem non incidunt iste.', 1, '2018-08-05 01:51:04', '2018-08-05 01:51:04'),
(22, 35, 'Hailey Robel', 'Et quo et est in aut sit aut debitis. Autem veritatis asperiores ducimus qui aliquam tempora quidem. Perspiciatis quas eius assumenda nesciunt totam. Nisi sit totam fugiat consequatur molestiae.', 1, '2018-08-05 01:51:04', '2018-08-05 01:51:04'),
(23, 28, 'Angel O\'Reilly', 'Itaque alias est cum aspernatur et iure excepturi illum. Inventore enim magnam distinctio animi. Nulla error aut optio enim distinctio.', 0, '2018-08-05 01:51:04', '2018-08-05 01:51:04'),
(24, 35, 'Edwin Brown', 'Autem aut voluptatum quidem sed impedit rerum dolores. Minus mollitia iste recusandae iusto soluta cum officia. Assumenda odio nulla dolore est dolorem rerum error dolor. Consectetur magnam voluptatem vel provident repudiandae.', 4, '2018-08-05 01:51:04', '2018-08-05 01:51:04'),
(25, 13, 'Mabelle Mante', 'Mollitia optio dolores laudantium saepe. Qui architecto occaecati consequatur fuga magnam quam. Accusamus ea magnam officia debitis impedit cum rerum esse. Ipsam nihil debitis dolorem tempora.', 2, '2018-08-05 01:51:04', '2018-08-05 01:51:04'),
(26, 32, 'Serenity Walsh', 'Sed consequatur exercitationem distinctio. Sit hic aliquam aut quia. Id accusantium dolorem quam sed autem aut odio. Numquam quo rerum fugiat nulla harum est sit.', 2, '2018-08-05 01:51:04', '2018-08-05 01:51:04'),
(27, 22, 'Cesar Strosin', 'Corporis est ut odio voluptas. Exercitationem fugit hic libero eligendi. Officiis delectus est nostrum placeat sed tenetur. Soluta a harum culpa est maiores veritatis facere quisquam. Omnis recusandae et voluptatibus et mollitia.', 0, '2018-08-05 01:51:04', '2018-08-05 01:51:04'),
(28, 6, 'Ms. Cheyenne Romaguera', 'Minus sit eum neque nulla unde. Aut repellendus quia necessitatibus nesciunt omnis veniam. Animi facere voluptatum sit. Non et necessitatibus autem sit repudiandae maxime.', 0, '2018-08-05 01:51:04', '2018-08-05 01:51:04'),
(29, 40, 'Dalton Armstrong', 'Sequi qui repellendus ex explicabo commodi voluptate repellat. Occaecati optio voluptatum ipsum omnis. Consequatur dignissimos nihil et inventore. Odit facere omnis architecto.', 0, '2018-08-05 01:51:04', '2018-08-05 01:51:04'),
(30, 48, 'Felicity Stokes', 'Impedit est facilis est qui inventore. Qui aspernatur dolorum qui omnis laborum. Quia quod debitis autem voluptas dolores itaque et.', 3, '2018-08-05 01:51:04', '2018-08-05 01:51:04'),
(31, 27, 'Emelia Nikolaus I', 'Laudantium temporibus qui tenetur incidunt sed deserunt. Dolor iusto earum enim sit tempore eius. Consequatur et aperiam facilis sequi. Autem optio aut dolorum non.', 5, '2018-08-05 01:51:04', '2018-08-05 01:51:04'),
(32, 31, 'Chester Harvey', 'Labore sint reprehenderit ut ipsum. Ratione nulla voluptate sint voluptatem sunt soluta expedita.', 3, '2018-08-05 01:51:04', '2018-08-05 01:51:04'),
(33, 26, 'Thelma Aufderhar', 'Rerum sit unde possimus qui minus asperiores omnis. Perspiciatis laudantium illo beatae omnis aliquam. Debitis possimus dolorem rerum sapiente nihil quidem. Et voluptas deserunt sunt minima aperiam.', 0, '2018-08-05 01:51:04', '2018-08-05 01:51:04'),
(34, 4, 'Lonny Walker', 'Non quis at earum. Natus ut praesentium ut architecto. Deserunt quos rerum qui quia et.', 4, '2018-08-05 01:51:04', '2018-08-05 01:51:04'),
(35, 23, 'Jazmin McKenzie', 'Saepe molestiae magnam molestias. Facere veritatis modi nihil minima iste quia laborum. Non aut id excepturi pariatur ea. Eos modi quia error dolorem porro ut.', 1, '2018-08-05 01:51:04', '2018-08-05 01:51:04'),
(36, 17, 'Miss Elouise Pollich', 'Et explicabo labore eligendi saepe aliquid. Est molestiae distinctio quis consequuntur aperiam in. Voluptas tempore dolorem voluptatem officiis. Aut quaerat fuga id fugit porro exercitationem ullam est. Sequi qui non sed laudantium perferendis soluta rerum.', 1, '2018-08-05 01:51:04', '2018-08-05 01:51:04'),
(37, 8, 'Miss Eugenia Boyer', 'Et mollitia et recusandae est. Sunt distinctio voluptatem omnis quia. Hic aut voluptas iusto ut qui excepturi. Laboriosam sed ex tempora sit. Recusandae nisi aut officia cumque nemo numquam.', 5, '2018-08-05 01:51:04', '2018-08-05 01:51:04'),
(38, 25, 'Ms. Cali Nicolas DDS', 'Aliquid ut illo exercitationem ea ea tempore quidem. Magni est deleniti recusandae. Quibusdam quo rerum reprehenderit aut corrupti vel fugiat. Eos officiis repellendus et.', 2, '2018-08-05 01:51:04', '2018-08-05 01:51:04'),
(39, 50, 'Ms. Lucy Gleichner', 'Quis enim expedita velit aperiam voluptas ut. Numquam officiis facere voluptas eos. Sint delectus incidunt tempore accusantium magni adipisci dolores.', 1, '2018-08-05 01:51:04', '2018-08-05 01:51:04'),
(40, 15, 'Dr. Althea Douglas MD', 'Consequatur veniam saepe optio est enim corrupti blanditiis ipsum. Velit ea ut enim minima nam sit consectetur. Vitae minima vitae sunt inventore velit voluptas quia repellat.', 0, '2018-08-05 01:51:04', '2018-08-05 01:51:04'),
(41, 13, 'Carli Adams', 'Voluptatem harum libero dolore deleniti soluta. Possimus vel quam eos saepe non. Voluptas et natus necessitatibus ad sunt.', 0, '2018-08-05 01:51:04', '2018-08-05 01:51:04'),
(42, 8, 'Cassidy Bahringer', 'Numquam officiis perferendis eum facilis nihil eius tempora. Dolor ab dolorem ut qui tempore.', 2, '2018-08-05 01:51:04', '2018-08-05 01:51:04'),
(43, 25, 'Dr. Mavis Langosh', 'Non est cum suscipit aut esse ducimus. Veritatis aut distinctio error illum. Labore omnis aut sit.', 2, '2018-08-05 01:51:04', '2018-08-05 01:51:04'),
(44, 3, 'Mr. Marty Gutmann V', 'Vitae vel ut est quae quia. Saepe et eligendi maxime aut et. Eligendi ut veniam consectetur aut. Ut vel mollitia est porro nostrum reiciendis quidem distinctio.', 1, '2018-08-05 01:51:04', '2018-08-05 01:51:04'),
(45, 23, 'Cathrine Dietrich V', 'Autem omnis eos omnis excepturi. In sed quae repudiandae reiciendis ut voluptatem. Est ut nihil rerum enim. Aut doloribus odit rerum commodi. Blanditiis adipisci ex error nobis animi ex.', 2, '2018-08-05 01:51:04', '2018-08-05 01:51:04'),
(46, 39, 'Rudolph Lowe', 'Vel voluptatem totam omnis vitae non dolores. Et excepturi illum suscipit aut aut qui. Rerum odio eum nemo non.', 5, '2018-08-05 01:51:04', '2018-08-05 01:51:04'),
(47, 15, 'Dr. Jammie Stehr DDS', 'Velit et et cum voluptas. Aspernatur est eum incidunt consequatur asperiores. Voluptas ex mollitia magnam et voluptatem aut rerum. Similique nostrum dicta quia maxime reprehenderit.', 2, '2018-08-05 01:51:04', '2018-08-05 01:51:04'),
(48, 26, 'Miss Alvina Keeling', 'Est sapiente enim sed veniam. Ducimus sit pariatur sint repellat delectus. Ut eveniet dicta iste beatae dolor.', 2, '2018-08-05 01:51:04', '2018-08-05 01:51:04'),
(49, 40, 'Alivia Stracke', 'Illo quidem qui asperiores aliquid. Labore perspiciatis nisi iste quo dolorum quaerat. Officiis numquam earum quis odio.', 4, '2018-08-05 01:51:04', '2018-08-05 01:51:04'),
(50, 18, 'Albina Nader', 'Vero assumenda natus nesciunt quasi. Numquam iusto aut possimus. Totam qui qui placeat adipisci id eum.', 2, '2018-08-05 01:51:04', '2018-08-05 01:51:04'),
(51, 4, 'Carolina Connelly', 'Explicabo laudantium temporibus aliquam. Repellat minus qui aut id et nisi. Hic soluta quis omnis. Quia velit in enim et reprehenderit quo.', 5, '2018-08-05 01:51:04', '2018-08-05 01:51:04'),
(52, 16, 'Mr. Jillian Krajcik', 'Magni et neque sequi quibusdam et eius. Quis natus non ipsum ipsam. Nihil aut repudiandae sint provident. Ea soluta est et voluptates quos et.', 5, '2018-08-05 01:51:04', '2018-08-05 01:51:04'),
(53, 6, 'Odessa Ernser', 'Exercitationem repellat adipisci dolorem ut. Rerum quos modi aliquam itaque. Omnis qui quis rerum quia voluptatem. Nam excepturi aut laudantium laudantium hic rerum.', 5, '2018-08-05 01:51:04', '2018-08-05 01:51:04'),
(54, 50, 'Mr. Anibal Dietrich', 'Quia facilis et ut dolores eos. Beatae dolorem fugiat adipisci illum quos officiis error. Velit architecto voluptas dignissimos enim. Saepe ducimus esse quae.', 5, '2018-08-05 01:51:04', '2018-08-05 01:51:04'),
(55, 33, 'Ms. Beulah Hermann DDS', 'Hic eligendi minima qui dolorum. Reiciendis veniam aspernatur voluptate dolor earum aliquid. Facere quo officia ut quibusdam. Facere est sit alias expedita sed rerum commodi. Eveniet dolorum dicta quidem soluta.', 5, '2018-08-05 01:51:04', '2018-08-05 01:51:04'),
(56, 7, 'Annabelle Ebert', 'Autem deleniti est dolorum mollitia modi. Omnis ducimus delectus qui impedit quo. Et magni placeat saepe officia suscipit molestiae.', 2, '2018-08-05 01:51:04', '2018-08-05 01:51:04'),
(57, 12, 'Rosa Williamson', 'Soluta ad illum qui architecto. Architecto at ut iusto autem. Quis modi a possimus. Optio soluta nihil in. Quos quod eligendi voluptatem eos vel minima accusantium.', 1, '2018-08-05 01:51:04', '2018-08-05 01:51:04'),
(58, 6, 'Dr. Craig Crist III', 'Ut ea accusantium et ipsa tempora optio adipisci provident. Nihil odio optio et possimus. Omnis quidem enim magnam dolorem libero amet consequatur.', 3, '2018-08-05 01:51:04', '2018-08-05 01:51:04'),
(59, 28, 'Ephraim Kilback', 'Et totam esse quo enim animi. Repellat voluptatem quo nemo et. Cupiditate harum velit aut ab exercitationem.', 2, '2018-08-05 01:51:04', '2018-08-05 01:51:04'),
(60, 17, 'Vern Kling', 'Quia id ut voluptatem eius expedita sed. Voluptatibus tempora porro voluptas repellendus. Aliquam voluptas vel id cupiditate. Error voluptate sed dolorem sunt modi.', 2, '2018-08-05 01:51:04', '2018-08-05 01:51:04'),
(61, 6, 'May Bergnaum', 'Nesciunt laudantium non voluptatibus explicabo minima ducimus. Ea officia similique eveniet dolorem nam. Doloribus necessitatibus ullam et quae impedit molestiae non et. Unde omnis fugiat et sunt odit reprehenderit.', 0, '2018-08-05 01:51:04', '2018-08-05 01:51:04'),
(62, 23, 'Alexzander Prohaska', 'Tempore architecto esse quia omnis fugiat esse. Ut sit deserunt earum numquam. Quos odio adipisci quos corrupti qui totam necessitatibus. Aut totam vel provident ipsum odio nostrum voluptatibus unde. Quia nostrum voluptas unde.', 3, '2018-08-05 01:51:04', '2018-08-05 01:51:04'),
(63, 42, 'Felipa Bosco', 'Rerum non nam atque numquam officiis non possimus. Quo atque repellat doloribus odit aut sed. Quibusdam est quia cum vitae maiores repellat nemo. Nihil quam itaque eum natus.', 4, '2018-08-05 01:51:04', '2018-08-05 01:51:04'),
(64, 32, 'Griffin McKenzie Jr.', 'Et in quidem nobis totam dolor. Dicta earum molestiae omnis quibusdam sequi provident.', 4, '2018-08-05 01:51:04', '2018-08-05 01:51:04'),
(65, 48, 'Miss Fanny Will II', 'Repellendus voluptate fuga ullam maiores similique animi. Dolorum provident aliquam rem non consequatur. Velit sit dolorum quas aliquid consectetur ullam.', 3, '2018-08-05 01:51:04', '2018-08-05 01:51:04'),
(66, 35, 'Ms. Kassandra Cartwright II', 'Optio vel quia facere consequuntur omnis esse natus. Ipsam dolor dolorem ut dolor voluptas id non. Qui eos officiis ex minima. Cupiditate voluptas ut cumque corporis quod.', 5, '2018-08-05 01:51:04', '2018-08-05 01:51:04'),
(67, 22, 'Joy Walsh', 'Sunt dolores voluptatem quisquam in. Tempora quas at earum expedita. Incidunt ipsum et odit. Et sed et officia reiciendis omnis voluptatem quia.', 1, '2018-08-05 01:51:04', '2018-08-05 01:51:04'),
(68, 29, 'Abe Kutch', 'Perspiciatis molestiae magni modi iusto impedit quia. Aut aut deserunt ut cum impedit incidunt. Est minima cum ipsum dolorum voluptatem assumenda eligendi.', 4, '2018-08-05 01:51:04', '2018-08-05 01:51:04'),
(69, 27, 'Prof. Coy Mosciski', 'Et qui quos fugit excepturi consequatur amet id. Libero fuga harum autem quaerat esse. Molestiae et possimus aspernatur dolorum aut nemo. Reprehenderit fugit voluptatibus quibusdam harum nam et.', 1, '2018-08-05 01:51:04', '2018-08-05 01:51:04'),
(70, 44, 'Roderick Zieme', 'Et quasi iure et voluptas totam excepturi. Quae facilis aut similique. Enim itaque omnis magnam maiores ullam.', 3, '2018-08-05 01:51:04', '2018-08-05 01:51:04'),
(71, 37, 'Napoleon Heaney', 'Dolorem deleniti aliquam tempore quia eligendi voluptatum. Vel et consequatur laudantium libero iste. Eum labore possimus suscipit laboriosam. Et sit sit autem nihil laboriosam veniam.', 1, '2018-08-05 01:51:04', '2018-08-05 01:51:04'),
(72, 2, 'Miss Dayna Larkin IV', 'Non labore et aut qui doloribus nemo. Et molestiae sed sequi quas praesentium beatae. Voluptatum illo tempora amet natus.', 0, '2018-08-05 01:51:04', '2018-08-05 01:51:04'),
(73, 16, 'Josie Bahringer DDS', 'Alias voluptate maiores vel nam. Animi natus est eos dicta dignissimos ipsa. Rerum soluta repellat eius nesciunt quo.', 4, '2018-08-05 01:51:04', '2018-08-05 01:51:04'),
(74, 44, 'Dereck Fritsch', 'Sed quod vel sunt perferendis est neque eum qui. Quo beatae ut ad ut veritatis. Repellendus et voluptatem similique necessitatibus velit neque.', 4, '2018-08-05 01:51:04', '2018-08-05 01:51:04'),
(75, 42, 'Donato Klocko', 'Quasi vel quam ipsam eum optio voluptas voluptatem. Qui repellat quo dolorem. Numquam neque cupiditate ut illum cum. Voluptas corrupti veritatis repellat ullam reprehenderit provident.', 4, '2018-08-05 01:51:04', '2018-08-05 01:51:04'),
(76, 18, 'Woodrow Franecki', 'Corporis deserunt odio ullam et. Inventore aliquid rerum in omnis tenetur. Et necessitatibus sapiente omnis quod. Recusandae et ut esse enim ut. Rerum in quo animi sunt voluptate labore eius.', 1, '2018-08-05 01:51:04', '2018-08-05 01:51:04'),
(77, 41, 'Miss Sandrine Senger', 'Praesentium quis quia quae veniam rerum quia aperiam. Aliquid blanditiis autem ea corporis deserunt corporis. Debitis error voluptatem aspernatur voluptatem.', 3, '2018-08-05 01:51:04', '2018-08-05 01:51:04'),
(78, 42, 'Lizeth Nikolaus', 'Quod consequuntur qui hic provident. Assumenda quaerat temporibus rerum soluta adipisci. Voluptatibus sit doloremque qui voluptatem.', 1, '2018-08-05 01:51:04', '2018-08-05 01:51:04'),
(79, 12, 'Devyn Carter', 'Qui harum quia magnam sunt. Similique non tempora laboriosam officia deleniti tenetur eius. Dolorem cupiditate animi beatae soluta nesciunt perspiciatis.', 0, '2018-08-05 01:51:04', '2018-08-05 01:51:04'),
(80, 41, 'Heath Armstrong', 'Omnis sit est rem. Quisquam nesciunt ipsam qui minima perferendis corporis. Aut itaque tempore rerum sed eos dolorum. Minus quibusdam voluptas et ipsam. Omnis mollitia ut consequatur sunt ea earum.', 2, '2018-08-05 01:51:04', '2018-08-05 01:51:04'),
(81, 15, 'Madalyn Schinner', 'Sed odio autem deleniti dolor molestiae enim autem. Qui qui cupiditate quis.', 2, '2018-08-05 01:51:04', '2018-08-05 01:51:04'),
(82, 17, 'Dr. Malachi Altenwerth Sr.', 'Libero excepturi laboriosam eum dolorem similique aliquid dolores. Voluptates rerum sed in voluptates consequatur id ad. Voluptate officia ipsa velit. Doloremque corporis iste et libero quasi facilis sit.', 2, '2018-08-05 01:51:04', '2018-08-05 01:51:04'),
(83, 5, 'Finn Kunze', 'Deleniti sapiente a totam et reprehenderit beatae. Placeat rerum deserunt non harum sunt quaerat illum. Occaecati dignissimos est quia nulla maxime. Cumque sunt minima veritatis explicabo fuga ut.', 4, '2018-08-05 01:51:04', '2018-08-05 01:51:04'),
(84, 49, 'Sonya Nikolaus II', 'Commodi sunt reprehenderit molestiae occaecati id possimus. Impedit quas harum voluptas. Fuga exercitationem dolorem quo quam non molestias aut.', 0, '2018-08-05 01:51:04', '2018-08-05 01:51:04'),
(85, 8, 'Marshall Emmerich', 'Placeat aut cum ipsam mollitia animi. Omnis molestiae cum error accusantium. Rem qui perspiciatis quia quibusdam et nulla quis amet.', 5, '2018-08-05 01:51:04', '2018-08-05 01:51:04'),
(86, 13, 'Mrs. Vita Mertz I', 'Nam ipsum voluptatum molestiae nihil voluptas. Fugit ratione quisquam dolore illo qui ut in. Quia est praesentium repellat qui blanditiis corrupti.', 4, '2018-08-05 01:51:04', '2018-08-05 01:51:04'),
(87, 10, 'Caesar Bailey', 'Sequi vel est quibusdam quis dolor natus officia. Et nihil voluptates ut dolores. Quae dolore amet ut.', 4, '2018-08-05 01:51:04', '2018-08-05 01:51:04'),
(88, 46, 'Dr. Antonio Maggio', 'Accusamus maxime qui dolores est non velit. Voluptate dolores quam est. Distinctio laborum omnis consectetur magnam. Ut iste aliquam voluptatibus et modi neque voluptatem officia.', 2, '2018-08-05 01:51:04', '2018-08-05 01:51:04'),
(89, 14, 'Nona Bechtelar', 'Saepe maiores blanditiis quasi expedita qui. Ea earum sed tempora perspiciatis consectetur. Excepturi qui esse facere ad corporis qui.', 1, '2018-08-05 01:51:04', '2018-08-05 01:51:04'),
(90, 26, 'Clemmie Bauch', 'Quam sit sint molestiae quasi voluptas. Sed quia non id saepe commodi odit. Aliquam repellat reprehenderit deleniti non. Quam maxime qui placeat error perspiciatis asperiores non fugiat.', 4, '2018-08-05 01:51:04', '2018-08-05 01:51:04'),
(91, 34, 'Augusta Gleason DDS', 'Amet ad aliquid aspernatur sunt. Porro et ut eos ab. Deleniti cupiditate consequatur vitae veritatis possimus a. Nisi aut unde nemo voluptatem occaecati eum.', 0, '2018-08-05 01:51:04', '2018-08-05 01:51:04'),
(92, 24, 'Omer Kuphal', 'Explicabo ratione voluptatem quia. Quisquam praesentium praesentium rerum eos.', 0, '2018-08-05 01:51:04', '2018-08-05 01:51:04'),
(93, 17, 'Viola Beier PhD', 'Minus veniam repudiandae velit et distinctio. Ab sapiente aut ducimus non dolorem autem rem. Alias consequuntur quidem est et non quos et. Quia harum excepturi et recusandae quam praesentium quisquam. Dolor rem omnis rem sed.', 3, '2018-08-05 01:51:04', '2018-08-05 01:51:04'),
(94, 1, 'Mrs. Lyda Lang V', 'Nobis omnis quasi quibusdam ut fuga nulla. Corporis tempora enim magni ipsum reprehenderit. Vero ut consequatur necessitatibus temporibus in labore eum.', 0, '2018-08-05 01:51:04', '2018-08-05 01:51:04'),
(95, 48, 'Leanna Keebler', 'Eius debitis aliquam eos deserunt iure sed sed veniam. Eveniet dolorem consequatur amet expedita ducimus autem animi quos. Consequuntur ducimus praesentium ea molestias qui id dolores.', 3, '2018-08-05 01:51:04', '2018-08-05 01:51:04'),
(96, 23, 'Prof. Garnett Franecki', 'Distinctio iure tenetur aut repellat rem maxime numquam dolorem. Dolore unde ea delectus ratione et maiores ex. Culpa quam possimus illum. Corrupti occaecati quisquam cupiditate laudantium.', 5, '2018-08-05 01:51:04', '2018-08-05 01:51:04'),
(97, 12, 'Kailey Terry', 'Consequatur rem possimus laborum et porro nihil officiis sunt. Iure ipsum quis corporis maiores consequatur. Ullam consequatur architecto eveniet. Eveniet voluptas qui debitis aliquid. Tempore quas et nobis aut dicta.', 1, '2018-08-05 01:51:04', '2018-08-05 01:51:04'),
(98, 19, 'Darrion Torphy', 'Ratione facilis exercitationem aliquam. Quos repellendus enim quia. Et dolor beatae aspernatur quo eligendi qui. Aperiam veniam quaerat repellendus.', 4, '2018-08-05 01:51:04', '2018-08-05 01:51:04'),
(99, 1, 'Sid Kirlin', 'Aut dolorem nostrum aut neque et eos. Ratione et itaque aut iste harum. Labore ex et nesciunt quasi officia consequatur hic quod. Recusandae maxime aliquam magnam consequatur.', 0, '2018-08-05 01:51:04', '2018-08-05 01:51:04'),
(100, 45, 'Eda Batz', 'Nostrum et aliquam corrupti odit non possimus. Ad perferendis natus est dicta officia aut nihil. Dolorem officia eos placeat accusantium sit aut.', 5, '2018-08-05 01:51:04', '2018-08-05 01:51:04'),
(101, 30, 'Prof. Daniella Labadie V', 'Impedit soluta aut facere enim illo. Natus exercitationem ex nostrum et. Nihil fugiat reprehenderit maxime. Velit ut quam expedita vel possimus dolore ut.', 3, '2018-08-05 01:51:04', '2018-08-05 01:51:04'),
(102, 38, 'Litzy Marvin', 'Excepturi sapiente cumque culpa. Nisi non soluta qui nulla labore veritatis culpa. Iure sed quis enim voluptatem quis eveniet autem. Nihil quae aliquid repellendus dolorem et.', 5, '2018-08-05 01:51:04', '2018-08-05 01:51:04'),
(103, 12, 'Marlen Nienow', 'Ut rerum laudantium velit libero nihil minus deserunt temporibus. Qui aut cumque dolor blanditiis voluptas. Qui sunt enim molestiae repellendus et blanditiis nihil.', 2, '2018-08-05 01:51:04', '2018-08-05 01:51:04'),
(104, 26, 'Prof. Robbie Welch', 'Ut dolorem qui ducimus dolores qui animi est. Cumque aliquam culpa iste. Minima consequatur et et vel delectus sed mollitia.', 4, '2018-08-05 01:51:04', '2018-08-05 01:51:04'),
(105, 15, 'Armand Lind', 'Impedit omnis quo ratione aut. Quo reiciendis asperiores beatae sapiente vel. Officiis vel est distinctio dolores aut et porro quisquam.', 3, '2018-08-05 01:51:04', '2018-08-05 01:51:04'),
(106, 28, 'Karolann Strosin', 'Molestiae quas eum dolorem itaque. Laborum est officia eos ut sit. Tenetur sint aut repellat ipsum inventore placeat rerum.', 4, '2018-08-05 01:51:04', '2018-08-05 01:51:04'),
(107, 32, 'Milan Hoppe', 'Reprehenderit aut et tenetur ipsam repudiandae ut. Neque blanditiis exercitationem enim dolorum. Voluptatem hic ducimus non animi ab occaecati laborum.', 1, '2018-08-05 01:51:04', '2018-08-05 01:51:04'),
(108, 16, 'Haylie Lesch', 'Rerum soluta aut dignissimos quam. Voluptates est numquam suscipit omnis. Ducimus qui reiciendis ipsam modi et fugit. Enim accusamus voluptatem et in aut architecto.', 1, '2018-08-05 01:51:04', '2018-08-05 01:51:04'),
(109, 39, 'Elfrieda Hyatt IV', 'Ut asperiores quas ad velit non porro. Quae et omnis et et explicabo beatae placeat. Consequuntur quam minus quisquam omnis voluptatem sapiente qui magni. Dolor aliquid adipisci voluptatem velit.', 5, '2018-08-05 01:51:04', '2018-08-05 01:51:04'),
(110, 45, 'Imogene Schmeler II', 'Voluptas eius in esse ducimus doloribus provident. Sit natus architecto in deserunt. Rerum in accusantium commodi consequuntur consequatur.', 3, '2018-08-05 01:51:04', '2018-08-05 01:51:04'),
(111, 32, 'London Blanda', 'Fugit ratione quia dolor consequuntur quaerat. At ullam unde et rem. Accusantium in ipsa quasi et. Sit debitis soluta rem quam.', 5, '2018-08-05 01:51:04', '2018-08-05 01:51:04'),
(112, 18, 'Ms. Marlen Wehner Sr.', 'Impedit minima molestiae expedita dolores quidem numquam consequatur vel. Consectetur dolore ducimus suscipit ea voluptas et. Nesciunt libero et saepe sint sed velit harum.', 5, '2018-08-05 01:51:04', '2018-08-05 01:51:04'),
(113, 49, 'Erik Luettgen', 'Itaque repellat earum accusamus placeat ipsam non aut ut. Consequatur dolorum illo eius dolore voluptates. Ut beatae ut at ea quia.', 5, '2018-08-05 01:51:04', '2018-08-05 01:51:04'),
(114, 10, 'Javon Swift', 'Sunt pariatur et aut vel repellat deserunt. Sit hic quod corrupti doloremque rerum illum sit est. Laudantium est enim omnis qui eos nemo. Dolores dicta nihil vel dicta quas dolor non.', 1, '2018-08-05 01:51:04', '2018-08-05 01:51:04'),
(115, 13, 'Dr. Vanessa Prosacco', 'Voluptatem sed saepe dolorum voluptatem ea. Dolorum quia veritatis neque vitae dolorum. Minima sed est et nesciunt aut. Quo voluptates facere maiores est eius aut.', 1, '2018-08-05 01:51:04', '2018-08-05 01:51:04'),
(116, 38, 'Stephon Wiza', 'Deserunt quia at sit iure. A non enim ex ad ut beatae beatae. Dolore deleniti veritatis consequatur nemo.', 1, '2018-08-05 01:51:04', '2018-08-05 01:51:04'),
(117, 43, 'Cayla Cartwright', 'Cumque ut itaque laborum nam atque incidunt voluptas. Est dolorem architecto unde amet. Facere minus ad aut minus doloribus qui animi.', 2, '2018-08-05 01:51:04', '2018-08-05 01:51:04'),
(118, 20, 'Adaline Weimann', 'Et beatae tenetur temporibus rerum repellendus veritatis. Autem accusantium esse hic exercitationem harum quis. Impedit architecto dicta atque accusantium alias autem. Totam et ipsam sed officia quisquam et qui.', 4, '2018-08-05 01:51:04', '2018-08-05 01:51:04'),
(119, 20, 'Bertrand Kling Jr.', 'Magni sunt quae aut asperiores aut veniam. Quo adipisci consectetur cupiditate necessitatibus nobis consectetur. Rerum atque beatae sed voluptatum.', 1, '2018-08-05 01:51:04', '2018-08-05 01:51:04'),
(120, 9, 'Ms. Yoshiko Hoeger', 'Totam sed quia non dolor aut ut deserunt. Quia minus veniam eos culpa optio possimus quibusdam. Harum in beatae provident sint. Quas deleniti eaque natus maxime dolor placeat voluptatem. Rerum praesentium illum rerum labore.', 3, '2018-08-05 01:51:04', '2018-08-05 01:51:04'),
(121, 34, 'Yazmin Bruen', 'Ratione omnis blanditiis optio reprehenderit ullam. Est ratione provident quaerat dolor. Voluptatum et itaque autem velit ut qui aspernatur.', 1, '2018-08-05 01:51:04', '2018-08-05 01:51:04'),
(122, 39, 'Amara Ziemann DVM', 'Et laboriosam harum qui et. Deleniti reprehenderit expedita et et et. Ad ipsum excepturi qui sit neque dolor eos.', 2, '2018-08-05 01:51:04', '2018-08-05 01:51:04'),
(123, 12, 'D\'angelo West V', 'Animi velit cupiditate deleniti aut. Eveniet iusto architecto dicta necessitatibus. Tempore est perferendis ad sapiente perspiciatis accusamus dolore. Nam placeat et cumque vitae.', 0, '2018-08-05 01:51:04', '2018-08-05 01:51:04'),
(124, 10, 'Ayana Murphy', 'Eum voluptatum amet omnis nulla nulla pariatur eos. Vitae porro sequi nulla ea. Voluptatem ab ut eius et.', 4, '2018-08-05 01:51:04', '2018-08-05 01:51:04'),
(125, 11, 'Daphne Predovic', 'Rerum voluptas ut molestias earum reprehenderit. Autem sit accusamus qui quia dolorem vel harum cupiditate. Et explicabo et ut sit sit facilis. Eos quis ipsam doloribus aspernatur aut veniam.', 3, '2018-08-05 01:51:04', '2018-08-05 01:51:04'),
(126, 6, 'Curt Keebler', 'Laboriosam placeat quo voluptas eius dolore qui mollitia. Debitis ut tenetur assumenda debitis dicta. Temporibus in reprehenderit sit. Ut corrupti perferendis qui culpa quis.', 2, '2018-08-05 01:51:04', '2018-08-05 01:51:04'),
(127, 35, 'Prof. Jamar Little', 'Magni quos et eveniet et vel. Consequatur natus delectus consequatur sunt. Et ad voluptas ducimus. Sunt dolore debitis id ut rerum dolore.', 2, '2018-08-05 01:51:04', '2018-08-05 01:51:04'),
(128, 19, 'Rowan Kuphal', 'Perspiciatis molestiae expedita quos itaque. Natus praesentium sed pariatur quae totam qui. Dolores numquam ipsum accusantium quia corporis.', 0, '2018-08-05 01:51:04', '2018-08-05 01:51:04'),
(129, 31, 'Dr. Bernard Brekke', 'Et rerum ea corrupti cupiditate. Fugiat corrupti architecto minima vitae voluptas. Dolorem qui ullam quae animi.', 4, '2018-08-05 01:51:04', '2018-08-05 01:51:04'),
(130, 14, 'Brooks Sporer', 'Laudantium rerum sed amet et enim maxime. Omnis consequuntur id consequatur aut ex. Quidem quae earum id et est qui est. Ut necessitatibus ipsum est consequuntur similique. Blanditiis deleniti occaecati laudantium molestias exercitationem.', 1, '2018-08-05 01:51:04', '2018-08-05 01:51:04'),
(131, 48, 'Price Rowe III', 'Iure quia sed itaque praesentium necessitatibus. Tenetur ut sapiente architecto repellat quaerat ut. Aut voluptate voluptas sequi quia omnis fugit illo.', 4, '2018-08-05 01:51:04', '2018-08-05 01:51:04'),
(132, 34, 'Shaniya O\'Kon', 'Quo aliquid officia amet hic quia incidunt. Quia inventore aliquid illum voluptatibus voluptatibus aliquam. Omnis atque beatae error earum quaerat sapiente non.', 4, '2018-08-05 01:51:04', '2018-08-05 01:51:04'),
(133, 22, 'Jettie O\'Hara', 'A voluptates et omnis et. Vero nesciunt fugit quod esse. Voluptatibus dolorem culpa vel quidem nesciunt nam quod.', 2, '2018-08-05 01:51:04', '2018-08-05 01:51:04'),
(134, 49, 'Cornelius Stehr', 'Ut deleniti cumque quidem ut sunt voluptatem amet. Laudantium illo provident soluta pariatur. Aut quae soluta dolor cupiditate laudantium corporis.', 3, '2018-08-05 01:51:04', '2018-08-05 01:51:04'),
(135, 4, 'Fae Berge', 'Distinctio sit qui est quia dignissimos tempore. Sequi eos pariatur dolore consequuntur sint laboriosam ipsam. Deleniti aut maiores omnis fugiat dignissimos.', 5, '2018-08-05 01:51:04', '2018-08-05 01:51:04'),
(136, 44, 'Dr. Florian Hilpert', 'Ut eos impedit quasi quia. Aliquam in sed dolor explicabo unde. Expedita maiores ut quas. Praesentium ut sapiente omnis harum modi harum facere.', 5, '2018-08-05 01:51:04', '2018-08-05 01:51:04'),
(137, 44, 'Mr. Koby Krajcik I', 'Quia est quia qui eligendi eum. Dolorum pariatur iste quis pariatur. Impedit ipsa illum occaecati.', 3, '2018-08-05 01:51:04', '2018-08-05 01:51:04'),
(138, 36, 'Carmela Goyette III', 'Iusto enim ullam inventore aut. Eos neque est deserunt et voluptatem. Nostrum est fuga harum quo.', 0, '2018-08-05 01:51:04', '2018-08-05 01:51:04'),
(139, 46, 'Dale Gutmann', 'Dignissimos autem autem impedit voluptatibus. Quia iusto tempora maiores aperiam unde impedit. Id et ut enim nobis est. Dolorem repellendus sunt explicabo omnis dolor voluptatem dolorum.', 4, '2018-08-05 01:51:04', '2018-08-05 01:51:04'),
(140, 40, 'Dr. Ford Miller', 'Magni tenetur fuga perspiciatis sed. Ad pariatur odio dolorem blanditiis qui perferendis. Sint eaque rerum ut nostrum tempore non. Voluptatem architecto ratione sed quia natus.', 1, '2018-08-05 01:51:04', '2018-08-05 01:51:04'),
(141, 30, 'Myah Pagac', 'Sint inventore porro nihil voluptatibus enim et. Aliquid aliquam repudiandae ducimus distinctio earum. Vel soluta asperiores repudiandae et. Nostrum molestias quasi animi et neque delectus aut.', 4, '2018-08-05 01:51:04', '2018-08-05 01:51:04'),
(142, 18, 'Hillary Dare IV', 'Distinctio magnam dicta laboriosam nulla aut ut explicabo. Nostrum odit magnam officiis est dolores error laboriosam quia. Tenetur saepe fugit autem quam voluptatibus omnis.', 1, '2018-08-05 01:51:04', '2018-08-05 01:51:04'),
(143, 4, 'Ms. Camylle Schamberger V', 'Culpa culpa voluptatem quo corrupti ipsam veritatis. Excepturi magnam et asperiores qui ea vel expedita iusto.', 0, '2018-08-05 01:51:04', '2018-08-05 01:51:04'),
(144, 9, 'Alexanne Heidenreich II', 'Fuga nemo est aliquam ut voluptatum sunt. Adipisci vero sit tempora voluptatem quos aut aliquid facilis. Maxime et sed et quidem consequuntur quia modi. Ad voluptas qui doloremque quia facere deserunt natus.', 0, '2018-08-05 01:51:04', '2018-08-05 01:51:04'),
(145, 22, 'Kelli Orn', 'Enim est repudiandae veniam voluptatibus sint quidem et labore. Quo consequatur illum omnis qui fugit. Est et consequatur earum recusandae. Exercitationem aut nulla velit autem eos officia vero.', 0, '2018-08-05 01:51:04', '2018-08-05 01:51:04'),
(146, 43, 'Gay Douglas', 'Explicabo accusamus labore rem consequatur cum consequatur expedita. Illum neque rem dignissimos et fugit. In laborum odit quibusdam nobis dolores a aut.', 5, '2018-08-05 01:51:04', '2018-08-05 01:51:04'),
(147, 39, 'Enrico Farrell', 'Pariatur provident vitae aut nobis voluptatum necessitatibus. Modi eaque minima saepe est. Occaecati dolorem nihil voluptas voluptate. Qui similique porro provident est.', 3, '2018-08-05 01:51:04', '2018-08-05 01:51:04'),
(148, 26, 'Tevin Mraz', 'Aperiam asperiores in dolorum eveniet qui libero cum. Consequatur voluptas quis dolor rerum et facilis consequuntur maxime. Aut unde et itaque. Autem et corporis eum eum magni at dolorem accusamus.', 0, '2018-08-05 01:51:04', '2018-08-05 01:51:04'),
(149, 37, 'Consuelo Tromp', 'Possimus eos eius soluta deserunt rem. Harum dolor mollitia et exercitationem at qui.', 4, '2018-08-05 01:51:04', '2018-08-05 01:51:04'),
(150, 17, 'Virgil Doyle', 'Sed velit aut ut et iure eum. Rerum dolor praesentium autem quia voluptate vel excepturi. Aspernatur ex illum tempora officiis nemo minima impedit.', 5, '2018-08-05 01:51:04', '2018-08-05 01:51:04'),
(151, 3, 'Annabel Harber', 'Non nisi autem minus aut. Quisquam dolores id veritatis atque. Animi quia quia veritatis voluptatibus et. Temporibus dignissimos est dolor id.', 5, '2018-08-05 01:51:04', '2018-08-05 01:51:04'),
(152, 34, 'Aniyah Nienow', 'Dolores repudiandae vel sit eum repudiandae dolorum animi hic. Explicabo voluptatem voluptas assumenda eos quidem iste quaerat nemo. Ut error natus necessitatibus omnis tenetur aut repellat vel.', 5, '2018-08-05 01:51:04', '2018-08-05 01:51:04'),
(153, 19, 'Prof. Ilene Rodriguez', 'Quo sed eum aperiam laborum omnis. Saepe optio maiores ut. Ipsa cumque ut omnis mollitia ipsam. Voluptas optio vel vel deleniti et.', 4, '2018-08-05 01:51:04', '2018-08-05 01:51:04'),
(154, 19, 'Wilbert Becker DDS', 'Dolor repellendus deleniti sapiente. Et quo rerum illo. Voluptatibus ut distinctio et qui voluptatem. Temporibus reprehenderit ratione et blanditiis.', 5, '2018-08-05 01:51:04', '2018-08-05 01:51:04'),
(155, 25, 'London Gorczany', 'Deleniti non quam ratione enim et. Aut sint velit sed quisquam. Nisi et mollitia aliquid ullam ex.', 0, '2018-08-05 01:51:04', '2018-08-05 01:51:04'),
(156, 16, 'Ollie Boyle', 'Vel neque illo cupiditate accusamus. Veniam voluptates eligendi ut itaque blanditiis minus quia. Nobis consequuntur animi deleniti ad culpa similique ab expedita. Modi cum suscipit placeat corrupti eos quo voluptatibus. Recusandae adipisci maiores nulla molestiae.', 1, '2018-08-05 01:51:04', '2018-08-05 01:51:04'),
(157, 31, 'Alana Hansen', 'Ea quis est rerum vel nemo aut. Voluptatem cumque qui aliquid velit illum alias. Dolores vitae consequatur porro modi dolorem. Optio molestias quae eum provident corrupti consequuntur.', 0, '2018-08-05 01:51:04', '2018-08-05 01:51:04'),
(158, 21, 'Elinor Schmeler', 'Magnam itaque et sint aliquam et eum. Nihil id rerum accusamus ipsum quis provident quia. Voluptatem mollitia molestiae assumenda doloribus voluptatem impedit tenetur harum.', 4, '2018-08-05 01:51:04', '2018-08-05 01:51:04'),
(159, 47, 'Magdalena Wiza', 'Qui voluptatum qui minima ea qui optio deserunt. Non possimus officia adipisci culpa. Error deleniti cupiditate a maiores voluptas a et aut.', 0, '2018-08-05 01:51:04', '2018-08-05 01:51:04'),
(160, 22, 'Peggie Wisoky', 'Blanditiis qui laudantium et aut rerum perferendis. Explicabo illo saepe beatae. Facere quidem soluta harum quo. Omnis reiciendis qui aut beatae vero.', 4, '2018-08-05 01:51:04', '2018-08-05 01:51:04'),
(161, 13, 'Prof. Floyd Lang MD', 'Voluptatem non rerum sed animi qui quia deleniti. Quis incidunt deserunt sunt. Qui illo nihil nobis beatae quia repellat. Et eaque voluptatem nobis sit minima.', 1, '2018-08-05 01:51:04', '2018-08-05 01:51:04'),
(162, 40, 'Mr. Angus Collier DDS', 'Non a distinctio voluptas rem molestiae mollitia. Eligendi qui voluptatem similique ut aut cupiditate doloremque cum. Repudiandae quia aliquid est et vero accusantium.', 0, '2018-08-05 01:51:04', '2018-08-05 01:51:04'),
(163, 45, 'Sarina Lebsack', 'Omnis impedit molestiae debitis ut et blanditiis molestiae. Et et vel autem esse. Officia eos inventore assumenda in.', 3, '2018-08-05 01:51:04', '2018-08-05 01:51:04'),
(164, 28, 'Mr. Jaylen Franecki MD', 'Corrupti corporis dicta assumenda velit sint. Eligendi sunt id officia voluptatem molestias qui facilis nemo. Doloremque non pariatur quisquam neque.', 5, '2018-08-05 01:51:04', '2018-08-05 01:51:04'),
(165, 1, 'Jaden Bogan', 'Aliquid amet quas necessitatibus quia harum molestiae. Ex quod et unde id ipsa vitae. Nam in a ipsam nam iste error quod. Fuga dolor rerum asperiores fugiat nihil. Laborum nemo consectetur aut et.', 4, '2018-08-05 01:51:04', '2018-08-05 01:51:04'),
(166, 31, 'Dylan West', 'Suscipit rerum fuga earum et. Unde illum autem et voluptas ipsam nihil. Optio rem itaque atque consequatur aliquam.', 5, '2018-08-05 01:51:04', '2018-08-05 01:51:04'),
(167, 28, 'Ryley Mraz Sr.', 'Consequuntur porro veniam eum iure officia minima. Reprehenderit sunt officiis aut aliquid. Et vero non cumque quos rerum. Esse consequatur voluptatem aut molestiae.', 4, '2018-08-05 01:51:04', '2018-08-05 01:51:04'),
(168, 1, 'Mr. Cruz Doyle DVM', 'Aliquam sunt veniam omnis perspiciatis consequuntur. Esse corporis mollitia fugit veritatis necessitatibus ipsam accusantium. Iste voluptatum aut a autem sed natus ut. Pariatur occaecati dolor ea quia aut enim odit. Voluptas vel assumenda sunt velit dolores adipisci.', 4, '2018-08-05 01:51:04', '2018-08-05 01:51:04'),
(169, 9, 'Leatha Nader', 'Fugiat quasi nihil quo. Unde libero omnis et voluptatem voluptas id. Sit dolorem consequatur quis in sapiente officia. Molestias ullam debitis iusto consequuntur eos. Ratione esse quia odit quos voluptas distinctio.', 2, '2018-08-05 01:51:04', '2018-08-05 01:51:04'),
(170, 33, 'Prof. Keshawn Dare Sr.', 'Magni molestias cupiditate consequatur totam ab aut ut. Deserunt amet et facere illo. Aliquid sint et necessitatibus et quibusdam enim soluta. Omnis quae vel voluptas mollitia.', 0, '2018-08-05 01:51:04', '2018-08-05 01:51:04'),
(171, 17, 'Nola Schaefer', 'Doloremque nihil a sunt perferendis sequi aspernatur repudiandae. Voluptate ratione eveniet necessitatibus ut ut. Mollitia animi qui magni vel repellat laborum placeat.', 4, '2018-08-05 01:51:04', '2018-08-05 01:51:04'),
(172, 42, 'Miss Angelica Feeney', 'Harum exercitationem enim dolore minima velit. Ipsam officiis animi laboriosam esse omnis sequi voluptatem. Quo ab a aliquam et similique. Est omnis nemo similique facere aperiam cumque. Non laudantium et ipsam porro rerum minima.', 0, '2018-08-05 01:51:04', '2018-08-05 01:51:04'),
(173, 3, 'Ethan Nienow', 'Hic rem in quia alias dolorem. Molestiae exercitationem deserunt quis praesentium qui a et amet. Enim deleniti adipisci facilis aspernatur est occaecati maiores. Quia eum nihil enim sint iusto iste omnis.', 0, '2018-08-05 01:51:04', '2018-08-05 01:51:04'),
(174, 5, 'Angie Crist', 'Voluptatum dicta deleniti eius omnis dignissimos voluptatem. Voluptatem commodi dolor distinctio rerum est dolor nisi. Reiciendis distinctio voluptatibus et aut quisquam. Ut et voluptas reprehenderit eum laborum provident atque.', 2, '2018-08-05 01:51:04', '2018-08-05 01:51:04'),
(175, 31, 'Dr. Fiona Lang', 'Voluptatem asperiores itaque et odit architecto velit veritatis architecto. Quis sunt sed voluptas.', 3, '2018-08-05 01:51:04', '2018-08-05 01:51:04'),
(176, 27, 'Ms. Janelle Howell V', 'Nobis velit voluptas reiciendis quis quisquam quis impedit. Est ex velit non sunt laudantium. Quis laboriosam modi quia quis necessitatibus et. Qui doloribus asperiores nemo repudiandae.', 3, '2018-08-05 01:51:04', '2018-08-05 01:51:04'),
(177, 27, 'Gerson Schumm', 'Vel maxime laboriosam quod nemo consequatur sed. Non cum soluta fugit mollitia et quia. Quo incidunt dolore qui libero iusto omnis. Omnis totam explicabo reiciendis ducimus vitae.', 3, '2018-08-05 01:51:04', '2018-08-05 01:51:04'),
(178, 39, 'Gail Block MD', 'Porro et eveniet nisi inventore et sed omnis. Explicabo in expedita saepe omnis corrupti. Ducimus ullam quibusdam sint. Quia neque reiciendis eveniet qui officia distinctio.', 0, '2018-08-05 01:51:04', '2018-08-05 01:51:04'),
(179, 17, 'Juwan Berge PhD', 'Ab exercitationem et vel quis suscipit. Animi vel corporis et quas. Quae reprehenderit dicta fugit nulla itaque tempore accusamus vitae. Est non veritatis optio tempore.', 4, '2018-08-05 01:51:04', '2018-08-05 01:51:04'),
(180, 31, 'Mallory Smith', 'Modi sit et ut veniam. Animi quia et commodi harum dolorum voluptatem. Deserunt harum voluptatem fugiat maxime enim. Voluptatum ut est odio alias.', 3, '2018-08-05 01:51:04', '2018-08-05 01:51:04'),
(181, 40, 'Agnes Cremin', 'Dolor impedit sint non omnis aut libero. Temporibus itaque et id. Quia nesciunt enim ut dignissimos.', 4, '2018-08-05 01:51:04', '2018-08-05 01:51:04'),
(182, 36, 'Ms. Catherine Waelchi PhD', 'Qui nobis dolores perspiciatis optio omnis earum. Et cumque culpa repudiandae libero quo. Voluptatem dignissimos facere voluptas.', 3, '2018-08-05 01:51:04', '2018-08-05 01:51:04'),
(183, 48, 'Mr. Henderson Block', 'Explicabo id delectus quia. Pariatur nemo qui modi sit.', 0, '2018-08-05 01:51:04', '2018-08-05 01:51:04'),
(184, 33, 'Marianne Heller', 'Ea eos est nisi officia optio. Iusto commodi voluptatibus saepe sint dignissimos nostrum. Voluptas qui dolor magnam molestias sed placeat voluptas. Eligendi expedita exercitationem sed sit iure iste enim.', 5, '2018-08-05 01:51:04', '2018-08-05 01:51:04'),
(185, 49, 'Soledad Champlin', 'Consequuntur blanditiis modi saepe qui blanditiis omnis. Sit sunt aspernatur praesentium dolor excepturi. Animi perferendis aut consequatur sunt quae. Est sit fugit ipsam iste.', 5, '2018-08-05 01:51:04', '2018-08-05 01:51:04'),
(186, 11, 'Jessica Ruecker DDS', 'Et ut quaerat nostrum qui voluptate. Fugit voluptatem ea voluptatibus corporis maiores id. Ipsam harum aliquid qui soluta.', 5, '2018-08-05 01:51:04', '2018-08-05 01:51:04'),
(187, 46, 'Gretchen Nolan Sr.', 'Commodi odio et eligendi. Velit sit perferendis eveniet et at corporis optio. Qui veritatis rerum voluptatem repellendus ratione eum.', 4, '2018-08-05 01:51:04', '2018-08-05 01:51:04'),
(188, 13, 'Amiya Grady III', 'Dignissimos eligendi facilis expedita veritatis molestias tempore. Est impedit voluptates quia eum. Aut dolor quia nihil est minima vel. Debitis perferendis temporibus aut maxime eveniet commodi fuga architecto.', 1, '2018-08-05 01:51:04', '2018-08-05 01:51:04'),
(189, 44, 'Jana Shanahan', 'Quos explicabo qui id dolores aut nam esse. Excepturi corrupti id ut facere. Eveniet unde quis sit consequatur et nobis eum. Id consequuntur excepturi totam quisquam omnis.', 0, '2018-08-05 01:51:04', '2018-08-05 01:51:04'),
(190, 22, 'Eliseo Lebsack', 'Voluptatum dolores et doloremque atque ad. Quia nulla culpa quis quis dolore provident ut. Eum quia occaecati est odio similique necessitatibus. Eum necessitatibus nam facere libero et est rerum. Quam rerum animi culpa aut magnam dolorem doloremque.', 4, '2018-08-05 01:51:04', '2018-08-05 01:51:04'),
(191, 25, 'Elsa Lynch', 'Adipisci vel et rem dolores exercitationem quis. Saepe asperiores excepturi ut pariatur. Et optio eos qui officia. Qui ducimus sit qui voluptatum a omnis.', 5, '2018-08-05 01:51:04', '2018-08-05 01:51:04'),
(192, 32, 'Carlotta Tillman', 'Maxime aliquid nulla vitae qui omnis. Aut facilis qui veniam molestias ut soluta. Eum consequatur maiores facilis commodi nihil quos.', 4, '2018-08-05 01:51:04', '2018-08-05 01:51:04'),
(193, 31, 'Emile Kunze', 'Quo voluptates similique quidem officia omnis odio laboriosam. Occaecati soluta laborum impedit porro tenetur illum. Facilis totam nihil consequuntur magnam velit. Qui et voluptatem voluptatem molestiae quia quos.', 0, '2018-08-05 01:51:04', '2018-08-05 01:51:04'),
(194, 41, 'Dr. Henderson Hilpert', 'Illo sunt molestiae incidunt alias. Perspiciatis tenetur est aut saepe ab. Quae incidunt eaque consequatur qui amet.', 5, '2018-08-05 01:51:04', '2018-08-05 01:51:04'),
(195, 18, 'Mrs. Carolyn Keebler PhD', 'Sit alias omnis hic perspiciatis praesentium excepturi officiis quia. Ut praesentium sit eveniet vitae odit.', 5, '2018-08-05 01:51:04', '2018-08-05 01:51:04'),
(196, 50, 'Prof. Emily Breitenberg', 'Vero tenetur totam illum possimus ratione nam ut dolores. Veritatis explicabo nam cumque ea accusamus dolor.', 0, '2018-08-05 01:51:04', '2018-08-05 01:51:04'),
(197, 1, 'Lyric Beer', 'Reiciendis fugit provident sed deserunt quia voluptatem. Optio necessitatibus sed nihil. Quia cupiditate pariatur distinctio quis consequatur dolore qui aut. Qui facere quia tenetur facere nostrum officia impedit.', 2, '2018-08-05 01:51:04', '2018-08-05 01:51:04'),
(198, 2, 'Lupe Rowe I', 'Et perferendis provident vitae eveniet omnis. Occaecati beatae quae sit eos neque recusandae odio. Et temporibus dolore laborum. Dolores necessitatibus in rerum quo ea iure voluptate velit.', 1, '2018-08-05 01:51:04', '2018-08-05 01:51:04'),
(199, 33, 'Kaitlyn Streich', 'Est aut provident ea nam. Est ipsa voluptas libero consequatur. Eius sit adipisci consequatur harum. Ab et aut at explicabo ex.', 5, '2018-08-05 01:51:04', '2018-08-05 01:51:04'),
(200, 6, 'Era Stehr', 'Non ratione quis nesciunt beatae et. Fuga voluptatem esse tenetur pariatur aliquid. Quis eligendi molestiae qui odio distinctio sunt. Tempore soluta fugit cumque sunt aut dolores.', 2, '2018-08-05 01:51:04', '2018-08-05 01:51:04'),
(201, 46, 'Dr. Leo Reichel', 'Quo non rerum autem maiores officiis eum sed. Esse dolorem autem eveniet ipsum possimus quae. Nihil quisquam aut in rerum eveniet provident aut. Sint sint sint natus ad.', 5, '2018-08-05 01:51:04', '2018-08-05 01:51:04'),
(202, 18, 'Mr. Elliot McCullough', 'Aspernatur quae minus eum nisi officiis beatae. Suscipit sint voluptatem enim tempore nesciunt ut. Porro voluptas quaerat debitis ab incidunt et numquam. Eum ad nobis vel id laborum. Sunt optio illum qui maxime quia quia omnis.', 1, '2018-08-05 01:51:04', '2018-08-05 01:51:04'),
(203, 6, 'Forrest Schaefer PhD', 'Itaque cumque et unde cupiditate blanditiis. Ut dolores veritatis ut nulla autem modi. Ea nulla dignissimos ut.', 3, '2018-08-05 01:51:04', '2018-08-05 01:51:04'),
(204, 32, 'Ms. Zelma Mayert Sr.', 'Alias dolorum ut porro sapiente ex alias officia. Rerum voluptas rerum est cupiditate rerum est. Totam dolorem consectetur voluptatem dolorum placeat. Eaque id quos ad vitae et.', 5, '2018-08-05 01:51:04', '2018-08-05 01:51:04'),
(205, 22, 'Emie Rice', 'Consectetur fugiat eos quia aut asperiores ratione commodi. Suscipit repudiandae officia provident rem aut sed. Beatae voluptates accusantium voluptatibus porro. Architecto nam distinctio neque sit et amet.', 0, '2018-08-05 01:51:04', '2018-08-05 01:51:04'),
(206, 46, 'Mrs. Magdalen Carroll Sr.', 'Cupiditate ad et mollitia sed quia voluptas sed. Similique molestias officia qui corrupti. Ducimus pariatur vitae omnis cum doloremque explicabo enim. Sequi ex aspernatur provident.', 5, '2018-08-05 01:51:04', '2018-08-05 01:51:04'),
(207, 14, 'Keven Gleichner', 'Qui atque aut maxime modi culpa autem beatae. Sit dolorem debitis incidunt possimus qui nisi qui. Unde aperiam enim autem occaecati cum.', 3, '2018-08-05 01:51:04', '2018-08-05 01:51:04'),
(208, 21, 'Ms. Rosemary Terry Jr.', 'Ut et non porro ut officia voluptatem et iure. Omnis porro quae harum minima error. Quas sit repellat recusandae omnis facilis sit est.', 2, '2018-08-05 01:51:04', '2018-08-05 01:51:04'),
(209, 8, 'Okey Hirthe', 'Exercitationem repudiandae eligendi omnis et harum. Et quis sed id vel.', 5, '2018-08-05 01:51:04', '2018-08-05 01:51:04');
INSERT INTO `reviews` (`id`, `product_id`, `customer`, `review`, `star`, `created_at`, `updated_at`) VALUES
(210, 28, 'Miss Luz Fadel', 'Dolore voluptate culpa similique est quisquam sequi dolor. Quia nemo dolor labore debitis molestiae ut dolorem beatae. Earum ut et fuga eos similique enim sit. Animi quia assumenda ut molestiae qui consequatur.', 1, '2018-08-05 01:51:04', '2018-08-05 01:51:04'),
(211, 49, 'Prof. Wyatt McGlynn DDS', 'Odio vitae esse sint totam et provident. Deleniti aspernatur esse laudantium non ipsa.', 0, '2018-08-05 01:51:04', '2018-08-05 01:51:04'),
(212, 44, 'Ms. Evelyn Grimes Jr.', 'Accusamus harum nam delectus sed. Omnis eius pariatur veritatis sint facere. Optio et vel ab quae quo et aut. Enim ut sunt quam ut.', 4, '2018-08-05 01:51:04', '2018-08-05 01:51:04'),
(213, 13, 'Leo Carter', 'Id et quam omnis. Itaque ut voluptas veritatis est rerum a. Enim corporis numquam repellat. Dolorem a maxime soluta.', 3, '2018-08-05 01:51:04', '2018-08-05 01:51:04'),
(214, 10, 'Richie Hills', 'Et et velit architecto repudiandae consequatur. Et consequuntur magni aut sit neque soluta. Aperiam quia unde aut est.', 3, '2018-08-05 01:51:04', '2018-08-05 01:51:04'),
(215, 42, 'Fae Larson', 'Velit optio sunt veniam omnis sit. Voluptatem qui suscipit deleniti non magni. Laudantium optio eum voluptates molestiae tempore impedit. Eius officiis repellendus ex ipsa iusto.', 5, '2018-08-05 01:51:04', '2018-08-05 01:51:04'),
(216, 3, 'Prof. Marlen Champlin II', 'Voluptate est dolore at iste atque quia eaque. Dolores tenetur odit possimus rerum aut.', 5, '2018-08-05 01:51:04', '2018-08-05 01:51:04'),
(217, 29, 'Baby Walter III', 'A reprehenderit sint delectus ex molestiae. Ut officia qui quia nostrum quos facilis. Necessitatibus expedita deleniti unde quo velit magni vitae.', 1, '2018-08-05 01:51:04', '2018-08-05 01:51:04'),
(218, 45, 'Ansley Bauch', 'Voluptas voluptatem consequatur voluptatem laborum rerum placeat. Quos ad corporis quam aut suscipit nemo. Deserunt et quia sit qui. Quidem eveniet similique quia debitis ullam ea.', 3, '2018-08-05 01:51:04', '2018-08-05 01:51:04'),
(219, 26, 'Danika Konopelski', 'Reiciendis nam provident aut et quo ullam. Velit ipsum sequi deserunt consequatur et voluptas quae.', 4, '2018-08-05 01:51:04', '2018-08-05 01:51:04'),
(220, 2, 'Mr. Domingo Ledner I', 'Facilis cupiditate aperiam rerum magni. Expedita quaerat doloremque et voluptate. Rerum maiores recusandae dolorem in qui. Ut labore perspiciatis et eos doloribus veritatis.', 4, '2018-08-05 01:51:04', '2018-08-05 01:51:04'),
(221, 1, 'Prof. Demond Lang', 'Dolores corporis assumenda laboriosam ex. Vitae voluptatem et est porro. Sapiente blanditiis quis dolorem iure neque autem.', 3, '2018-08-05 01:51:04', '2018-08-05 01:51:04'),
(222, 29, 'Wendy Douglas', 'Ipsum magnam natus pariatur quidem voluptatibus. Et accusamus sed tempora. Assumenda enim eum veniam dignissimos laboriosam. Animi quis nam consequatur at et recusandae ut ipsum.', 3, '2018-08-05 01:51:04', '2018-08-05 01:51:04'),
(223, 5, 'Mallie Hudson', 'Neque soluta cupiditate voluptatem explicabo quibusdam. Praesentium nihil exercitationem omnis aliquid eum natus cumque. Nihil sequi nam incidunt sunt quo accusamus. Sint eum provident totam. Sit dolorem est et.', 0, '2018-08-05 01:51:04', '2018-08-05 01:51:04'),
(224, 27, 'Frederique Wuckert', 'Autem molestias facere sint ut voluptatum iure. Consequatur optio ut qui dolorum nam. Officia facilis enim odio nemo impedit omnis molestiae. Ab natus ut dolor quidem dolor.', 0, '2018-08-05 01:51:04', '2018-08-05 01:51:04'),
(225, 37, 'Kristy Lemke', 'Incidunt in fugit possimus est. Tenetur sit assumenda recusandae officia voluptatum expedita omnis. At error non voluptatem autem perferendis.', 5, '2018-08-05 01:51:04', '2018-08-05 01:51:04'),
(226, 44, 'Amara Gleichner V', 'Sequi sed adipisci adipisci deserunt aperiam sequi reprehenderit. Similique modi est in et suscipit voluptates laudantium deserunt. Aut nostrum consequuntur autem consequatur placeat. Impedit commodi unde ullam laboriosam.', 5, '2018-08-05 01:51:04', '2018-08-05 01:51:04'),
(227, 28, 'Roxane Littel', 'Et ipsa quia enim esse consequatur placeat. Ipsa et maiores dolor quia temporibus dolores soluta officiis.', 3, '2018-08-05 01:51:04', '2018-08-05 01:51:04'),
(228, 16, 'Alexzander Kuvalis DVM', 'Possimus temporibus molestiae fugit rerum ab. Dicta voluptate laborum soluta provident vel. Dolores dolorem dignissimos eveniet nemo expedita quis. Ea sit in voluptas molestiae.', 1, '2018-08-05 01:51:04', '2018-08-05 01:51:04'),
(229, 12, 'Prof. Issac Moen', 'Et laudantium voluptas in deleniti odit. Recusandae debitis doloremque ut laborum consequatur. Pariatur odio maiores molestiae maxime exercitationem perferendis. Dignissimos illum repellat eveniet nostrum rerum est.', 0, '2018-08-05 01:51:04', '2018-08-05 01:51:04'),
(230, 27, 'Webster Lockman', 'Aut atque qui laborum rerum architecto est. Tempora quo quaerat ut optio dolorem quidem molestiae ut. Tempore incidunt perspiciatis vero. Aliquid quas dolorum enim nesciunt.', 2, '2018-08-05 01:51:04', '2018-08-05 01:51:04'),
(231, 41, 'Reagan Koss', 'Totam tempore laudantium totam neque culpa error. Possimus iusto qui tempore nisi repellendus recusandae voluptates exercitationem. Ea atque atque libero sit deserunt.', 5, '2018-08-05 01:51:04', '2018-08-05 01:51:04'),
(232, 11, 'Emilie Powlowski', 'Quos quia velit provident quisquam. Ea sequi voluptatem quasi magni eaque. Magnam provident quia pariatur quod velit odio. Dicta tempora rerum quibusdam molestias nihil voluptatem saepe rerum.', 3, '2018-08-05 01:51:04', '2018-08-05 01:51:04'),
(233, 16, 'Josianne Thiel I', 'In saepe ipsam ratione sapiente voluptatem atque magni. Qui libero et ipsum doloremque. Aut enim aut vitae et perferendis. Ad ullam explicabo autem aut optio.', 2, '2018-08-05 01:51:04', '2018-08-05 01:51:04'),
(234, 28, 'Prof. Theresia Russel', 'Eveniet ut excepturi accusamus placeat eum recusandae. Necessitatibus excepturi eum libero rerum quia dolorem ut. Nam autem explicabo quasi. Et commodi sit modi cupiditate tempore.', 0, '2018-08-05 01:51:04', '2018-08-05 01:51:04'),
(235, 36, 'Loyal Von', 'Non qui corporis et sequi officia dignissimos maxime. Quidem at dolores velit voluptatum dolorem. Architecto totam iure itaque ab natus quaerat eum. Ratione inventore pariatur minus illo aliquid voluptatibus.', 1, '2018-08-05 01:51:04', '2018-08-05 01:51:04'),
(236, 15, 'Lucius McCullough', 'Quam tenetur neque harum dolorem consequatur. Id quibusdam totam molestiae adipisci libero.', 0, '2018-08-05 01:51:04', '2018-08-05 01:51:04'),
(237, 40, 'Prof. Hilma Auer Jr.', 'Voluptates nisi eaque soluta aliquid aliquid. Commodi iste minima perferendis nobis occaecati quia qui sit. Et architecto et laborum qui ut voluptatem qui libero. Consequatur consectetur qui architecto cumque sapiente dolores.', 4, '2018-08-05 01:51:04', '2018-08-05 01:51:04'),
(238, 37, 'Sonya Becker', 'Eum in quas doloribus quo quae corrupti. Sed sed voluptatum ducimus optio quas aut at. Nihil qui doloribus blanditiis ut ea repellat aperiam. Reprehenderit ipsam fuga officia possimus explicabo.', 5, '2018-08-05 01:51:04', '2018-08-05 01:51:04'),
(239, 32, 'Ms. Fleta Dickens I', 'Eos eum et consequatur et. Qui esse quisquam suscipit et nihil odio eos. Dolorum voluptates vitae inventore ex.', 3, '2018-08-05 01:51:04', '2018-08-05 01:51:04'),
(240, 50, 'Rodger Raynor', 'Vel magni perspiciatis vel molestias et fugit qui aliquid. Labore sint sit occaecati est et nam. Eveniet quisquam pariatur voluptates ullam voluptate.', 4, '2018-08-05 01:51:04', '2018-08-05 01:51:04'),
(241, 30, 'Nelle Barton', 'Soluta quaerat assumenda consequatur ut est impedit est pariatur. Et harum ut et modi error. Iure similique vero voluptas nostrum ut. Facilis rerum quidem est qui repellendus.', 1, '2018-08-05 01:51:04', '2018-08-05 01:51:04'),
(242, 48, 'Janie Schiller', 'Modi aspernatur recusandae molestias suscipit quasi iste ut molestias. Vel sit eum ut sunt beatae. Sit enim et a consequatur.', 4, '2018-08-05 01:51:04', '2018-08-05 01:51:04'),
(243, 43, 'Isaac Bernier', 'Eos fugit est numquam nihil porro natus quisquam tempora. Natus corrupti voluptatem vero. Totam soluta voluptatem facilis aliquam tenetur dolorum eaque veniam. Ut dolorem omnis reprehenderit dolorum sit temporibus.', 3, '2018-08-05 01:51:04', '2018-08-05 01:51:04'),
(244, 6, 'Trisha Muller III', 'Saepe magni fuga ut cumque. Non nemo eum delectus dolor sit blanditiis. Dignissimos quia totam voluptates sequi cum fuga. Blanditiis occaecati sed impedit reprehenderit recusandae placeat dolorem voluptas.', 4, '2018-08-05 01:51:04', '2018-08-05 01:51:04'),
(245, 21, 'Liam Ryan', 'Aut saepe officiis nobis qui quis sint. Explicabo maxime iste reiciendis fugiat et ut. Fugiat earum vitae amet voluptatem ipsa quo. Et eos est aut dolorem repellat officiis.', 5, '2018-08-05 01:51:04', '2018-08-05 01:51:04'),
(246, 37, 'Prof. Bradford Carter', 'Rerum mollitia minus quisquam rem mollitia blanditiis quis. Qui quis facilis est voluptas voluptatem sed sint. Est veritatis dicta repudiandae doloribus et alias rerum. Repudiandae et corporis et ducimus neque deleniti omnis nesciunt.', 3, '2018-08-05 01:51:04', '2018-08-05 01:51:04'),
(247, 46, 'Pattie McDermott', 'Animi est ducimus maiores voluptatem. Perspiciatis sit nisi omnis voluptatem nihil. In quia nobis quia error totam qui autem.', 0, '2018-08-05 01:51:04', '2018-08-05 01:51:04'),
(248, 9, 'Mrs. Carley Fisher', 'Laudantium consequatur vero qui quis aliquam beatae fugit repellat. Vitae quis dolores et quas facilis iste. Et est et consectetur animi. Enim nihil pariatur mollitia accusamus et sint autem qui.', 0, '2018-08-05 01:51:04', '2018-08-05 01:51:04'),
(249, 22, 'Prof. Darren Haley DDS', 'Dolor nostrum odit quia aspernatur beatae pariatur. Et deserunt placeat incidunt beatae nihil. Ut neque nihil quaerat ad quia. Eaque quia minima id repellat. Distinctio esse impedit culpa in quia.', 1, '2018-08-05 01:51:04', '2018-08-05 01:51:04'),
(250, 29, 'Miss Pearl Hoppe', 'Amet sed recusandae voluptas et. Optio illum in est pariatur alias. Aliquam excepturi atque perspiciatis voluptatem. Vel et esse non pariatur.', 3, '2018-08-05 01:51:04', '2018-08-05 01:51:04'),
(251, 11, 'Nyasia Kutch', 'Quis quo autem qui ut. Et sit facilis reprehenderit. Rerum ipsum quia ab voluptate recusandae.', 0, '2018-08-05 01:51:04', '2018-08-05 01:51:04'),
(252, 29, 'Everardo Will', 'Voluptatem deleniti sed quae voluptatem aperiam iusto. Repellendus modi autem itaque recusandae placeat culpa itaque. Dolorum numquam expedita nesciunt sunt adipisci quae.', 5, '2018-08-05 01:51:04', '2018-08-05 01:51:04'),
(253, 9, 'Prof. Rogelio Stracke Sr.', 'Nesciunt odit sed adipisci voluptates veniam. Aut dolor ut quia. Fugit unde possimus nisi aut. Ea dolorum sint aspernatur iste.', 2, '2018-08-05 01:51:04', '2018-08-05 01:51:04'),
(254, 7, 'Miss Kailee Hills', 'Maxime similique vel rem atque qui sed. Eum quia nemo velit aut ullam modi sit. Dolore delectus est in qui rerum architecto.', 1, '2018-08-05 01:51:04', '2018-08-05 01:51:04'),
(255, 15, 'Johann Turcotte', 'Quisquam quod minima eius odio aut. Et adipisci aut in qui ipsam quidem est qui. Eum ut et perferendis fugiat. Sequi necessitatibus libero voluptatem eligendi et.', 3, '2018-08-05 01:51:04', '2018-08-05 01:51:04'),
(256, 8, 'Mrs. Icie Rice V', 'Inventore qui velit laudantium ea temporibus voluptatem sint aut. In labore tenetur sed. Quia commodi praesentium et.', 5, '2018-08-05 01:51:04', '2018-08-05 01:51:04'),
(257, 18, 'Lambert Cartwright', 'Vitae voluptas rerum enim rerum. Reprehenderit ut modi nam omnis facilis facilis. Quibusdam vel exercitationem eligendi voluptatem dolores quaerat eos mollitia. Beatae dolore molestias corporis.', 1, '2018-08-05 01:51:04', '2018-08-05 01:51:04'),
(258, 3, 'Jazlyn Stokes', 'Aliquam voluptatem perferendis officia qui ea. Sint dolores labore qui aut. Quo voluptatem beatae a necessitatibus esse. Doloremque aliquid dolores consectetur perferendis.', 2, '2018-08-05 01:51:04', '2018-08-05 01:51:04'),
(259, 16, 'Rod Wisoky', 'Earum a laborum nam in nihil. Sapiente rem aperiam ex. Et voluptatem qui vitae qui sed eligendi adipisci. Cum corporis sed sed veniam officiis et.', 0, '2018-08-05 01:51:04', '2018-08-05 01:51:04'),
(260, 8, 'Garnet Balistreri', 'In porro delectus fuga quis aut commodi. Molestiae tempora aliquid harum quis. Sed ad eveniet hic ipsam.', 5, '2018-08-05 01:51:04', '2018-08-05 01:51:04'),
(261, 19, 'Ms. Aisha Morar', 'Cumque et laboriosam voluptatem. Qui ea iure iure maxime quisquam eos. Eum cum expedita aut laudantium.', 2, '2018-08-05 01:51:04', '2018-08-05 01:51:04'),
(262, 3, 'Dr. Shanelle Aufderhar', 'Laborum reprehenderit dolorem ea repellendus incidunt rem voluptatem distinctio. Et eum ipsa sapiente ut. A fugit recusandae suscipit nam.', 1, '2018-08-05 01:51:04', '2018-08-05 01:51:04'),
(263, 3, 'Javon Hill', 'In quas vel laboriosam rem sit. Recusandae aut et aut qui reiciendis.', 0, '2018-08-05 01:51:04', '2018-08-05 01:51:04'),
(264, 12, 'Malvina Hane DDS', 'Aut animi optio similique modi ut. Laboriosam deleniti nihil error qui et. Aut maxime asperiores consequatur et.', 1, '2018-08-05 01:51:04', '2018-08-05 01:51:04'),
(265, 4, 'Margarett Brown', 'Fuga sapiente et excepturi voluptas. Non veniam laboriosam rerum corporis inventore eos. Et nihil occaecati nihil minus nobis minus.', 4, '2018-08-05 01:51:04', '2018-08-05 01:51:04'),
(266, 48, 'Mr. Fletcher Wisozk', 'Corrupti molestiae sunt esse animi tempore iusto earum. Dolorem eligendi praesentium assumenda explicabo.', 3, '2018-08-05 01:51:04', '2018-08-05 01:51:04'),
(267, 43, 'Pascale Batz DDS', 'Molestiae consequatur atque ex ut. Deserunt consequatur delectus autem iusto eum ipsam. Iste corrupti dolore quam iste qui. Maxime ea magnam minima aspernatur aut quisquam.', 5, '2018-08-05 01:51:04', '2018-08-05 01:51:04'),
(268, 11, 'Otha Stamm', 'Hic ut similique placeat corporis inventore. Exercitationem qui omnis voluptate quas. Non aliquam nulla recusandae voluptates porro deserunt.', 4, '2018-08-05 01:51:04', '2018-08-05 01:51:04'),
(269, 16, 'Maybell Lemke PhD', 'Est mollitia harum nesciunt voluptatum delectus libero. Voluptatibus velit totam quis eum at nam exercitationem. Tempora vitae dicta maxime alias maxime.', 3, '2018-08-05 01:51:04', '2018-08-05 01:51:04'),
(270, 17, 'Rodger Schoen', 'Ab quia distinctio amet dolores. Quia velit expedita maxime laboriosam enim tempore quam.', 0, '2018-08-05 01:51:04', '2018-08-05 01:51:04'),
(271, 35, 'Narciso Upton', 'Architecto minima fugit ut numquam. Vel voluptas perferendis culpa sit laudantium perferendis deleniti. Atque et velit voluptates doloremque accusantium quas. Quo doloribus dolores voluptate aut necessitatibus.', 3, '2018-08-05 01:51:04', '2018-08-05 01:51:04'),
(272, 40, 'Amiya Lesch', 'Minima quo qui voluptas est. Maxime consequatur maxime corporis sunt. Sunt ad voluptatem recusandae architecto voluptates. Vel ipsa et cum numquam porro voluptatum.', 0, '2018-08-05 01:51:04', '2018-08-05 01:51:04'),
(273, 44, 'Ruthie Botsford', 'Ea et ut corporis similique autem non. A occaecati eum fugit officia placeat sit repellendus. Esse neque ut quae corporis fuga. Unde fugiat ut sint voluptas est consequatur.', 1, '2018-08-05 01:51:04', '2018-08-05 01:51:04'),
(274, 11, 'Jensen Bruen', 'Non quis voluptatem amet. Dolor quaerat et optio earum sit temporibus. Exercitationem fugit ad aliquam adipisci molestiae est reprehenderit. Quia autem maxime quam beatae quasi.', 0, '2018-08-05 01:51:04', '2018-08-05 01:51:04'),
(275, 37, 'Arnaldo Koss', 'Magni velit voluptates quae blanditiis sit laudantium maxime. At ratione tempora et adipisci qui asperiores dolorum ducimus. Voluptatem est illo veniam quod ea ut.', 2, '2018-08-05 01:51:04', '2018-08-05 01:51:04'),
(276, 20, 'Sofia Wuckert', 'Et quaerat excepturi corrupti ut. Aliquid similique minus dolor aliquid quo impedit eum. Iste maiores suscipit non qui. Assumenda doloremque non non.', 5, '2018-08-05 01:51:04', '2018-08-05 01:51:04'),
(277, 15, 'Kellen Shanahan', 'Voluptatibus unde autem voluptas voluptas minus. Qui molestias facilis rem modi possimus. Ratione minus qui aliquid omnis impedit explicabo. Consectetur a ex perspiciatis qui tenetur ut perspiciatis.', 1, '2018-08-05 01:51:04', '2018-08-05 01:51:04'),
(278, 43, 'Maud Feeney', 'Quis sequi vitae voluptatem laudantium. Eius temporibus mollitia eum architecto aut in. Pariatur esse aut magni vitae ut. Rerum necessitatibus et accusantium iusto adipisci quia velit.', 2, '2018-08-05 01:51:04', '2018-08-05 01:51:04'),
(279, 16, 'Kameron Luettgen II', 'Expedita rerum nulla voluptas adipisci quidem quisquam modi. Earum dolores error vitae qui facilis culpa laborum.', 5, '2018-08-05 01:51:04', '2018-08-05 01:51:04'),
(280, 2, 'Dr. Lavina Daniel V', 'Dolorum repudiandae iure error officia iusto odio non est. Quia dolorem laboriosam alias est quos error nulla. Harum iure alias eos voluptas delectus ipsam culpa. In laboriosam laborum voluptatem rerum quia enim consequatur.', 0, '2018-08-05 01:51:04', '2018-08-05 01:51:04'),
(281, 38, 'Mr. Dante Murphy II', 'Et et aliquid consequuntur aut. Dolor qui est et quis tempora.', 4, '2018-08-05 01:51:04', '2018-08-05 01:51:04'),
(282, 8, 'Ole Johnson', 'Est eveniet quis eius est. Et officiis laborum asperiores placeat doloremque ab. Fugit tenetur perspiciatis aut odit voluptates autem ducimus. Architecto fugiat iure commodi et.', 3, '2018-08-05 01:51:04', '2018-08-05 01:51:04'),
(283, 6, 'Rickey Feest', 'Est sit reiciendis assumenda tempora reprehenderit est facere. Est eum non atque harum. Libero tempore tempora quia cumque.', 5, '2018-08-05 01:51:04', '2018-08-05 01:51:04'),
(284, 44, 'Ms. Madalyn Pouros', 'Perspiciatis et autem officiis fugiat. Ipsa excepturi et minima molestias asperiores rerum in a. Exercitationem dolores inventore placeat est ea. Consequatur quod et qui facere at natus rerum.', 2, '2018-08-05 01:51:04', '2018-08-05 01:51:04'),
(285, 1, 'Prof. Sophia Lowe', 'Eius cum vel ea in laborum officiis occaecati quis. Sunt adipisci dolorem quos nemo laudantium sunt sequi. Ut magni et ut eius eum atque.', 1, '2018-08-05 01:51:04', '2018-08-05 01:51:04'),
(286, 6, 'Mr. Jarvis Volkman PhD', 'Facilis unde iste ducimus dolorum delectus. Qui et expedita dicta. Quo earum necessitatibus rem et quia.', 3, '2018-08-05 01:51:04', '2018-08-05 01:51:04'),
(287, 39, 'Prof. Curtis Vandervort', 'Sit unde consectetur culpa earum nihil. Ex iure non qui tempore sit. Dolor mollitia et eum sed molestias.', 1, '2018-08-05 01:51:04', '2018-08-05 01:51:04'),
(288, 39, 'Prof. Jan Altenwerth II', 'Et quas eveniet illo itaque quia dignissimos aliquam. Ad laboriosam et architecto eaque occaecati est. Accusamus sint voluptatem praesentium cumque quas quaerat. Consequuntur alias velit reiciendis non iure.', 0, '2018-08-05 01:51:04', '2018-08-05 01:51:04'),
(289, 34, 'Marcia Gerlach', 'Harum explicabo ut cupiditate tempore. Sapiente molestias animi optio et omnis. Tempore nesciunt delectus voluptatem.', 2, '2018-08-05 01:51:04', '2018-08-05 01:51:04'),
(290, 2, 'Clemmie Dare', 'Corporis vero commodi eius quaerat. Quas aperiam veniam quas illo. Occaecati sapiente laboriosam et possimus dolorem repellendus.', 0, '2018-08-05 01:51:04', '2018-08-05 01:51:04'),
(291, 48, 'Dr. Leonel Goodwin', 'Sunt voluptas ea earum. Ullam hic quam sit quia ipsum. Consectetur ipsa ea et cum vero corrupti.', 4, '2018-08-05 01:51:04', '2018-08-05 01:51:04'),
(292, 26, 'Austyn Volkman', 'Aut perferendis voluptatibus velit quidem dolores autem. Provident est quaerat incidunt laboriosam sit dicta qui. Et harum temporibus quis reprehenderit vel error quia sapiente. Qui quia doloremque earum repellat optio et.', 5, '2018-08-05 01:51:04', '2018-08-05 01:51:04'),
(293, 44, 'Mr. Alek Lueilwitz III', 'Animi harum neque possimus iusto est eum. Sit enim expedita similique rem assumenda sapiente dolores. Rem cupiditate esse ut porro quidem ea fuga.', 0, '2018-08-05 01:51:04', '2018-08-05 01:51:04'),
(294, 8, 'Leon Lueilwitz', 'Asperiores a quae ipsam quae tenetur. Error eum vitae fugit aut aliquam et soluta. Doloribus optio culpa velit autem repellat eaque quia. Animi eveniet non et veniam beatae.', 4, '2018-08-05 01:51:04', '2018-08-05 01:51:04'),
(295, 46, 'Kiana O\'Hara', 'Voluptatum minima omnis voluptatem odio. Vero deleniti explicabo qui. A id eum et ad ut qui nulla nisi. Ut ab id amet aut non cupiditate mollitia. Reprehenderit voluptatem tempora unde exercitationem.', 2, '2018-08-05 01:51:04', '2018-08-05 01:51:04'),
(296, 29, 'Ellen Abshire IV', 'Ab alias sit voluptas exercitationem veritatis et. Occaecati eum omnis repellat blanditiis aliquam eligendi.', 2, '2018-08-05 01:51:04', '2018-08-05 01:51:04'),
(297, 31, 'Aurelio Weber', 'Asperiores temporibus voluptatem voluptas vel. Dolores aut eaque optio ex. Nesciunt tempora numquam atque molestiae. Autem velit quos quo alias ipsa voluptas et nostrum. Dolor sit non minus itaque quia consectetur.', 4, '2018-08-05 01:51:04', '2018-08-05 01:51:04'),
(298, 31, 'Leola Bogan', 'Sed ullam eaque et aliquid qui aut voluptas. Eum explicabo facere voluptas nostrum aut est rerum. Et occaecati id blanditiis corporis perferendis. Voluptas quis excepturi nemo est corrupti distinctio voluptatem.', 0, '2018-08-05 01:51:04', '2018-08-05 01:51:04'),
(299, 30, 'Arnold Paucek', 'Quos quia et sint consequatur ut. Fugiat excepturi minus aliquid vel recusandae molestiae reprehenderit suscipit. Officiis deleniti quos repudiandae veniam eveniet perspiciatis.', 1, '2018-08-05 01:51:04', '2018-08-05 01:51:04'),
(300, 13, 'Laurianne Yost', 'Et est veritatis id rem. Dolores consectetur temporibus quo voluptatem vitae dolores. Unde numquam sed voluptatem aut sed porro.', 4, '2018-08-05 01:51:04', '2018-08-05 01:51:04');

-- --------------------------------------------------------

--
-- Table structure for table `users`
--

DROP TABLE IF EXISTS `users`;
CREATE TABLE IF NOT EXISTS `users` (
  `id` int(10) UNSIGNED NOT NULL AUTO_INCREMENT,
  `name` varchar(191) COLLATE utf8mb4_unicode_ci NOT NULL,
  `email` varchar(191) COLLATE utf8mb4_unicode_ci NOT NULL,
  `password` varchar(191) COLLATE utf8mb4_unicode_ci NOT NULL,
  `remember_token` varchar(100) COLLATE utf8mb4_unicode_ci DEFAULT NULL,
  `created_at` timestamp NULL DEFAULT NULL,
  `updated_at` timestamp NULL DEFAULT NULL,
  PRIMARY KEY (`id`),
  UNIQUE KEY `users_email_unique` (`email`)
) ENGINE=MyISAM DEFAULT CHARSET=utf8mb4 COLLATE=utf8mb4_unicode_ci;
COMMIT;

/*!40101 SET CHARACTER_SET_CLIENT=@OLD_CHARACTER_SET_CLIENT */;
/*!40101 SET CHARACTER_SET_RESULTS=@OLD_CHARACTER_SET_RESULTS */;
/*!40101 SET COLLATION_CONNECTION=@OLD_COLLATION_CONNECTION */;
